OTUID	JF1	JF10	JF101	JF102	JF103	JF104	JF105	JF106	JF107	JF108	JF109	JF11	JF110	JF111	JF112	JF113	JF114	JF115	JF116	JF117	JF118	JF119	JF12	JF120	JF121	JF122	JF123	JF124	JF125	JF126	JF127	JF128	JF129	JF13	JF130	JF131	JF132	JF14	JF15	JF16	JF17	JF18	JF19	JF2	JF20	JF21	JF22	JF23	JF24	JF25	JF26	JF27	JF28	JF29	JF3	JF30	JF301	JF302	JF303	JF304	JF305	JF306	JF307	JF308	JF309	JF31	JF310	JF311	JF312	JF313	JF314	JF315	JF316	JF317	JF318	JF319	JF32	JF320	JF321	JF322	JF4	JF401	JF402	JF403	JF404	JF405	JF406	JF407	JF408	JF409	JF410	JF411	JF412	JF413	JF414	JF415	JF416	JF417	JF418	JF5	JF7	JF8	JF9
D_0__Archaea;D_1__Euryarchaeota;D_2__Methanobacteria;D_3__Methanobacteriales;D_4__Methanobacteriaceae	4.0	0.0	0.0	0.0	0.0	0.0	0.0	0.0	0.0	0.0	0.0	644.0	0.0	0.0	0.0	0.0	0.0	0.0	0.0	0.0	0.0	0.0	0.0	0.0	0.0	0.0	0.0	0.0	0.0	0.0	0.0	0.0	0.0	323.0	0.0	0.0	0.0	0.0	0.0	374.0	0.0	0.0	16.0	0.0	0.0	0.0	0.0	831.0	0.0	0.0	0.0	178.0	0.0	77.0	0.0	0.0	0.0	0.0	0.0	0.0	0.0	0.0	0.0	0.0	0.0	0.0	0.0	0.0	0.0	0.0	0.0	0.0	0.0	0.0	0.0	0.0	60.0	0.0	0.0	0.0	0.0	0.0	0.0	0.0	0.0	0.0	0.0	0.0	0.0	0.0	0.0	0.0	0.0	0.0	0.0	0.0	0.0	0.0	0.0	604.0	413.0	0.0	0.0
D_0__Bacteria;D_1__Actinobacteria;D_2__Actinobacteria;D_3__Bifidobacteriales;D_4__Bifidobacteriaceae	14.0	5.0	6.0	0.0	11.0	9.0	0.0	37.0	14.0	18.0	0.0	21.0	0.0	4.0	3.0	8.0	0.0	17.0	0.0	25.0	0.0	0.0	0.0	0.0	24.0	105.0	93.0	0.0	79.0	8.0	11.0	0.0	0.0	3097.0	8.0	11.0	127.0	0.0	11.0	11.0	260.0	0.0	70.0	17.0	8.0	132.0	24.0	6.0	8.0	14.0	0.0	42.0	0.0	23.0	17.0	0.0	10.0	634.0	0.0	752.0	0.0	1109.0	4.0	2236.0	0.0	0.0	465.0	0.0	1015.0	0.0	251.0	10.0	870.0	5.0	230.0	0.0	0.0	1279.0	7.0	1456.0	32.0	8.0	776.0	12.0	723.0	6.0	347.0	16.0	25.0	37.0	1170.0	0.0	1158.0	10.0	31.0	104.0	45.0	11.0	408.0	143.0	535.0	0.0	75.0
D_0__Bacteria;D_1__Actinobacteria;D_2__Actinobacteria;D_3__Corynebacteriales;D_4__Corynebacteriaceae	0.0	0.0	0.0	0.0	0.0	0.0	0.0	0.0	0.0	0.0	0.0	3.0	0.0	0.0	3.0	4.0	0.0	2.0	0.0	0.0	7.0	2.0	0.0	0.0	11.0	0.0	0.0	0.0	0.0	0.0	0.0	0.0	3.0	3.0	6.0	0.0	2.0	0.0	0.0	0.0	0.0	6.0	0.0	0.0	0.0	0.0	0.0	0.0	3.0	0.0	0.0	0.0	0.0	0.0	0.0	0.0	0.0	0.0	0.0	0.0	0.0	0.0	0.0	0.0	0.0	0.0	0.0	0.0	0.0	0.0	0.0	0.0	0.0	0.0	0.0	0.0	0.0	0.0	0.0	0.0	0.0	0.0	0.0	4.0	24.0	0.0	1039.0	7.0	56.0	17.0	30.0	6.0	0.0	0.0	20.0	0.0	0.0	7.0	21.0	0.0	0.0	0.0	0.0
D_0__Bacteria;D_1__Actinobacteria;D_2__Actinobacteria;D_3__Micrococcales;D_4__Micrococcaceae	13.0	23.0	21.0	4.0	14.0	10.0	23.0	19.0	3.0	3.0	48.0	2.0	12.0	22.0	9.0	26.0	31.0	28.0	8.0	20.0	35.0	3.0	10.0	42.0	63.0	6.0	14.0	11.0	16.0	19.0	35.0	35.0	15.0	0.0	48.0	29.0	22.0	15.0	23.0	6.0	18.0	35.0	0.0	3.0	5.0	17.0	0.0	2.0	5.0	8.0	3.0	5.0	4.0	33.0	0.0	10.0	26.0	17.0	9.0	4.0	0.0	10.0	9.0	2.0	2.0	0.0	33.0	11.0	4.0	15.0	33.0	0.0	0.0	13.0	5.0	4.0	12.0	15.0	10.0	0.0	6.0	29.0	18.0	49.0	35.0	21.0	302.0	42.0	143.0	12.0	62.0	12.0	43.0	23.0	57.0	20.0	0.0	15.0	15.0	19.0	0.0	7.0	4.0
D_0__Bacteria;D_1__Actinobacteria;D_2__Coriobacteriia;D_3__Coriobacteriales;D_4__Atopobiaceae	11.0	0.0	22.0	4.0	2.0	0.0	20.0	4.0	0.0	8.0	0.0	112.0	78.0	0.0	7.0	0.0	3.0	5.0	0.0	20.0	8.0	13.0	3.0	19.0	0.0	0.0	60.0	0.0	0.0	2.0	0.0	21.0	12.0	106.0	3.0	0.0	17.0	4.0	24.0	18.0	98.0	58.0	51.0	7.0	2.0	877.0	0.0	83.0	193.0	4.0	2.0	163.0	7.0	60.0	23.0	4.0	0.0	267.0	0.0	250.0	4.0	296.0	0.0	326.0	8.0	24.0	56.0	3.0	220.0	0.0	46.0	0.0	285.0	7.0	110.0	0.0	10.0	466.0	6.0	209.0	0.0	0.0	157.0	0.0	83.0	0.0	34.0	6.0	21.0	24.0	97.0	3.0	345.0	0.0	31.0	3.0	17.0	0.0	53.0	140.0	426.0	0.0	128.0
D_0__Bacteria;D_1__Actinobacteria;D_2__Coriobacteriia;D_3__Coriobacteriales;D_4__Coriobacteriaceae	0.0	0.0	0.0	0.0	0.0	0.0	0.0	0.0	0.0	0.0	0.0	0.0	0.0	0.0	0.0	0.0	0.0	0.0	0.0	0.0	0.0	0.0	0.0	0.0	0.0	0.0	0.0	0.0	0.0	0.0	0.0	0.0	0.0	0.0	0.0	0.0	0.0	0.0	0.0	0.0	0.0	0.0	0.0	0.0	0.0	0.0	0.0	0.0	0.0	0.0	0.0	0.0	0.0	0.0	0.0	0.0	0.0	0.0	0.0	0.0	0.0	0.0	0.0	0.0	0.0	0.0	0.0	0.0	0.0	0.0	0.0	0.0	0.0	0.0	0.0	0.0	0.0	0.0	0.0	0.0	0.0	0.0	0.0	0.0	0.0	0.0	0.0	0.0	0.0	0.0	0.0	0.0	0.0	0.0	0.0	0.0	4.0	0.0	0.0	0.0	0.0	0.0	0.0
D_0__Bacteria;D_1__Actinobacteria;D_2__Coriobacteriia;D_3__Coriobacteriales;D_4__Coriobacteriales Incertae Sedis	14.0	2.0	7.0	8.0	3.0	2.0	4.0	0.0	0.0	2.0	0.0	0.0	0.0	4.0	2.0	0.0	0.0	0.0	2.0	6.0	0.0	3.0	11.0	2.0	3.0	0.0	2.0	10.0	4.0	6.0	0.0	0.0	0.0	2.0	7.0	4.0	3.0	8.0	7.0	24.0	2.0	46.0	0.0	3.0	8.0	13.0	14.0	0.0	5.0	2.0	6.0	7.0	11.0	0.0	10.0	0.0	17.0	0.0	3.0	0.0	0.0	0.0	5.0	0.0	9.0	13.0	0.0	4.0	0.0	0.0	0.0	10.0	0.0	6.0	0.0	9.0	8.0	0.0	0.0	0.0	8.0	3.0	12.0	11.0	9.0	9.0	24.0	5.0	7.0	3.0	9.0	5.0	6.0	11.0	0.0	4.0	2.0	3.0	4.0	11.0	13.0	8.0	0.0
D_0__Bacteria;D_1__Actinobacteria;D_2__Coriobacteriia;D_3__Coriobacteriales;D_4__Eggerthellaceae	67.0	0.0	165.0	25.0	38.0	29.0	44.0	16.0	38.0	29.0	65.0	45.0	11.0	54.0	77.0	50.0	19.0	23.0	22.0	38.0	34.0	32.0	31.0	66.0	54.0	41.0	15.0	46.0	38.0	27.0	51.0	57.0	35.0	19.0	58.0	56.0	39.0	51.0	18.0	87.0	17.0	183.0	9.0	45.0	32.0	37.0	49.0	17.0	8.0	15.0	17.0	34.0	24.0	24.0	14.0	25.0	65.0	28.0	23.0	0.0	58.0	23.0	32.0	16.0	65.0	26.0	22.0	71.0	4.0	13.0	36.0	71.0	15.0	30.0	8.0	75.0	62.0	34.0	40.0	6.0	79.0	14.0	50.0	57.0	43.0	54.0	116.0	28.0	30.0	61.0	17.0	48.0	31.0	51.0	22.0	71.0	11.0	41.0	11.0	85.0	68.0	21.0	10.0
D_0__Bacteria;D_1__Actinobacteria;D_2__Coriobacteriia;D_3__Coriobacteriales;D_4__uncultured	43.0	125.0	28.0	72.0	20.0	25.0	10.0	23.0	5.0	17.0	31.0	16.0	100.0	14.0	4.0	24.0	103.0	27.0	0.0	27.0	165.0	7.0	124.0	7.0	37.0	19.0	4.0	5.0	5.0	11.0	21.0	30.0	111.0	5.0	51.0	73.0	34.0	95.0	33.0	93.0	6.0	147.0	0.0	19.0	11.0	59.0	11.0	35.0	122.0	0.0	13.0	32.0	190.0	18.0	4.0	14.0	32.0	0.0	30.0	0.0	5.0	0.0	9.0	0.0	88.0	57.0	0.0	37.0	0.0	5.0	0.0	6.0	0.0	16.0	0.0	27.0	89.0	0.0	22.0	0.0	15.0	17.0	18.0	11.0	49.0	6.0	35.0	17.0	251.0	39.0	30.0	99.0	87.0	22.0	19.0	6.0	0.0	0.0	70.0	47.0	19.0	31.0	24.0
D_0__Bacteria;D_1__Actinobacteria;D_2__Coriobacteriia;D_3__Coriobacteriales;__	8.0	17.0	17.0	4.0	3.0	5.0	13.0	7.0	0.0	6.0	7.0	6.0	0.0	0.0	5.0	11.0	9.0	7.0	10.0	8.0	9.0	0.0	7.0	6.0	0.0	4.0	6.0	6.0	0.0	0.0	4.0	17.0	7.0	0.0	8.0	13.0	0.0	18.0	4.0	34.0	0.0	16.0	5.0	4.0	10.0	15.0	8.0	3.0	0.0	6.0	0.0	6.0	5.0	0.0	0.0	0.0	15.0	0.0	0.0	9.0	0.0	15.0	6.0	0.0	7.0	6.0	13.0	8.0	0.0	0.0	20.0	11.0	0.0	0.0	0.0	4.0	0.0	14.0	8.0	5.0	15.0	0.0	25.0	12.0	0.0	9.0	9.0	9.0	8.0	11.0	0.0	4.0	6.0	8.0	0.0	14.0	0.0	14.0	0.0	19.0	15.0	0.0	0.0
D_0__Bacteria;D_1__Bacteroidetes;D_2__Bacteroidia;D_3__Bacteroidales;D_4__Bacteroidaceae	3480.0	45.0	1191.0	500.0	2262.0	4482.0	1751.0	999.0	2125.0	2705.0	1629.0	3969.0	140.0	324.0	1184.0	1087.0	598.0	1026.0	973.0	2841.0	266.0	749.0	2217.0	1315.0	421.0	2150.0	390.0	1913.0	7464.0	2671.0	2663.0	300.0	458.0	2423.0	522.0	997.0	6103.0	994.0	788.0	1408.0	1131.0	4023.0	2489.0	1739.0	732.0	2664.0	1510.0	942.0	73.0	3231.0	1125.0	1287.0	923.0	1444.0	2257.0	753.0	1049.0	926.0	315.0	1372.0	1533.0	5374.0	998.0	2578.0	567.0	4543.0	841.0	1101.0	694.0	1172.0	2644.0	1289.0	589.0	1023.0	2513.0	1047.0	693.0	365.0	1155.0	1557.0	1831.0	944.0	542.0	2819.0	1980.0	1324.0	1903.0	3352.0	184.0	3573.0	237.0	628.0	137.0	2329.0	443.0	4871.0	1563.0	1837.0	334.0	1382.0	1353.0	1473.0	2121.0
D_0__Bacteria;D_1__Bacteroidetes;D_2__Bacteroidia;D_3__Bacteroidales;D_4__Barnesiellaceae	0.0	0.0	131.0	26.0	36.0	116.0	21.0	0.0	11.0	51.0	50.0	60.0	10.0	17.0	17.0	31.0	37.0	45.0	0.0	0.0	0.0	21.0	0.0	20.0	0.0	0.0	12.0	0.0	29.0	46.0	26.0	41.0	0.0	0.0	14.0	15.0	35.0	7.0	7.0	4.0	0.0	71.0	41.0	4.0	8.0	14.0	0.0	0.0	0.0	46.0	6.0	0.0	0.0	21.0	8.0	5.0	17.0	0.0	0.0	12.0	9.0	17.0	0.0	0.0	40.0	0.0	0.0	205.0	0.0	96.0	5.0	0.0	10.0	7.0	20.0	0.0	0.0	0.0	0.0	9.0	32.0	0.0	12.0	4.0	0.0	10.0	7.0	9.0	0.0	27.0	0.0	8.0	0.0	0.0	0.0	8.0	5.0	0.0	4.0	0.0	9.0	45.0	4.0
D_0__Bacteria;D_1__Bacteroidetes;D_2__Bacteroidia;D_3__Bacteroidales;D_4__Marinifilaceae	5.0	0.0	36.0	4.0	11.0	28.0	0.0	7.0	25.0	0.0	128.0	54.0	4.0	15.0	19.0	47.0	11.0	28.0	12.0	21.0	2.0	11.0	17.0	25.0	3.0	16.0	0.0	90.0	39.0	30.0	29.0	10.0	0.0	33.0	10.0	19.0	70.0	0.0	6.0	23.0	14.0	43.0	56.0	26.0	12.0	88.0	23.0	11.0	0.0	30.0	11.0	10.0	0.0	22.0	11.0	9.0	39.0	5.0	6.0	74.0	18.0	28.0	16.0	42.0	13.0	27.0	29.0	66.0	8.0	16.0	49.0	15.0	16.0	6.0	36.0	44.0	7.0	6.0	0.0	67.0	38.0	8.0	10.0	0.0	16.0	16.0	7.0	26.0	0.0	0.0	0.0	3.0	0.0	0.0	0.0	28.0	0.0	11.0	0.0	15.0	17.0	88.0	89.0
D_0__Bacteria;D_1__Bacteroidetes;D_2__Bacteroidia;D_3__Bacteroidales;D_4__Muribaculaceae	8633.0	1388.0	13830.0	3983.0	9100.0	6186.0	6089.0	8530.0	5944.0	8214.0	9557.0	7898.0	2281.0	5253.0	7074.0	10776.0	6332.0	8196.0	7003.0	6992.0	5514.0	4960.0	5686.0	10164.0	3393.0	9064.0	4653.0	8038.0	5296.0	9307.0	5712.0	6280.0	9008.0	8319.0	8627.0	11400.0	5031.0	5295.0	3077.0	11883.0	4298.0	5640.0	3556.0	4542.0	2878.0	10929.0	4552.0	6018.0	692.0	4165.0	3765.0	9322.0	3536.0	4728.0	5191.0	3714.0	11300.0	1944.0	4837.0	5513.0	11758.0	11271.0	10926.0	8555.0	4880.0	4361.0	3547.0	9823.0	7600.0	7929.0	5257.0	8780.0	7820.0	9135.0	5123.0	14004.0	5162.0	1179.0	5435.0	5085.0	11852.0	1849.0	5359.0	10465.0	5698.0	5655.0	1809.0	9332.0	4746.0	7131.0	571.0	3980.0	1234.0	7606.0	2682.0	8030.0	2113.0	7539.0	1325.0	4062.0	8766.0	14058.0	7829.0
D_0__Bacteria;D_1__Bacteroidetes;D_2__Bacteroidia;D_3__Bacteroidales;D_4__Prevotellaceae	11113.0	47.0	1481.0	497.0	2054.0	4430.0	1425.0	2594.0	2943.0	4921.0	5965.0	1583.0	335.0	382.0	1549.0	1083.0	578.0	3146.0	1918.0	3391.0	260.0	627.0	2933.0	1379.0	2989.0	5288.0	708.0	1347.0	7320.0	4176.0	3771.0	172.0	1080.0	8331.0	970.0	1185.0	7604.0	2508.0	642.0	337.0	2710.0	2564.0	7448.0	2691.0	954.0	9571.0	7102.0	4320.0	32.0	7129.0	6037.0	848.0	1062.0	1946.0	4623.0	3835.0	1615.0	210.0	744.0	74.0	1037.0	445.0	2985.0	11.0	836.0	7699.0	236.0	749.0	50.0	4953.0	578.0	1819.0	29.0	1327.0	19.0	3830.0	500.0	9.0	4773.0	0.0	4257.0	383.0	414.0	2131.0	435.0	364.0	806.0	1139.0	122.0	1036.0	0.0	197.0	22.0	1655.0	82.0	1635.0	257.0	1819.0	163.0	1177.0	2542.0	3772.0	17075.0
D_0__Bacteria;D_1__Bacteroidetes;D_2__Bacteroidia;D_3__Bacteroidales;D_4__Rikenellaceae	285.0	2.0	583.0	189.0	91.0	486.0	170.0	120.0	89.0	176.0	205.0	213.0	12.0	47.0	182.0	215.0	139.0	207.0	188.0	186.0	100.0	180.0	195.0	152.0	27.0	88.0	60.0	140.0	227.0	889.0	124.0	191.0	68.0	223.0	119.0	196.0	152.0	138.0	103.0	136.0	130.0	205.0	291.0	446.0	226.0	57.0	118.0	175.0	0.0	371.0	124.0	291.0	30.0	499.0	278.0	195.0	113.0	152.0	110.0	451.0	364.0	217.0	298.0	286.0	201.0	122.0	323.0	163.0	140.0	93.0	209.0	250.0	106.0	173.0	116.0	127.0	114.0	114.0	181.0	140.0	177.0	49.0	126.0	224.0	488.0	154.0	144.0	245.0	51.0	373.0	14.0	182.0	138.0	142.0	21.0	232.0	86.0	454.0	56.0	499.0	156.0	237.0	234.0
D_0__Bacteria;D_1__Bacteroidetes;D_2__Bacteroidia;D_3__Bacteroidales;D_4__Tannerellaceae	609.0	9.0	505.0	166.0	380.0	396.0	370.0	144.0	318.0	256.0	203.0	345.0	49.0	59.0	151.0	234.0	98.0	184.0	158.0	422.0	37.0	89.0	167.0	158.0	42.0	235.0	59.0	173.0	766.0	216.0	178.0	88.0	104.0	675.0	147.0	369.0	412.0	50.0	167.0	270.0	325.0	644.0	293.0	447.0	218.0	492.0	250.0	275.0	23.0	408.0	171.0	270.0	79.0	512.0	546.0	181.0	224.0	148.0	66.0	382.0	375.0	1216.0	346.0	217.0	105.0	394.0	170.0	257.0	77.0	102.0	613.0	237.0	90.0	304.0	466.0	144.0	89.0	42.0	52.0	256.0	373.0	68.0	231.0	52.0	224.0	99.0	138.0	216.0	16.0	406.0	23.0	129.0	27.0	234.0	82.0	327.0	39.0	256.0	58.0	337.0	274.0	309.0	766.0
D_0__Bacteria;D_1__Bacteroidetes;D_2__Bacteroidia;D_3__Bacteroidales;__	5562.0	634.0	2280.0	1353.0	1818.0	1198.0	1837.0	2274.0	2018.0	2009.0	1456.0	2381.0	1233.0	1154.0	1546.0	2520.0	1690.0	1731.0	2068.0	3425.0	975.0	1255.0	1779.0	2055.0	900.0	785.0	1110.0	2224.0	2032.0	2566.0	1595.0	828.0	1553.0	1864.0	2585.0	2123.0	2538.0	2091.0	1366.0	3128.0	2854.0	3317.0	3944.0	4827.0	2439.0	2898.0	2265.0	2336.0	263.0	3822.0	3043.0	3077.0	1404.0	4191.0	3047.0	3452.0	2648.0	772.0	654.0	1781.0	2221.0	1405.0	2072.0	2268.0	512.0	2901.0	2030.0	1167.0	937.0	3181.0	2402.0	1183.0	611.0	1521.0	971.0	2933.0	1876.0	336.0	1970.0	860.0	2773.0	774.0	5996.0	6556.0	2949.0	3017.0	2058.0	6613.0	1867.0	5591.0	378.0	2029.0	1812.0	4760.0	1126.0	4020.0	1950.0	9450.0	1276.0	2678.0	3503.0	3727.0	2752.0
D_0__Bacteria;D_1__Bacteroidetes;D_2__Bacteroidia;D_3__Flavobacteriales;D_4__Flavobacteriaceae	35.0	0.0	22.0	6.0	0.0	7.0	12.0	0.0	4.0	0.0	0.0	5.0	0.0	0.0	0.0	0.0	0.0	3.0	7.0	9.0	0.0	0.0	0.0	0.0	0.0	0.0	3.0	9.0	2.0	0.0	0.0	0.0	0.0	16.0	0.0	0.0	9.0	0.0	7.0	6.0	0.0	10.0	36.0	16.0	6.0	7.0	8.0	4.0	0.0	14.0	4.0	7.0	6.0	25.0	8.0	0.0	7.0	0.0	0.0	7.0	97.0	7.0	0.0	7.0	0.0	11.0	0.0	12.0	3.0	0.0	13.0	3.0	0.0	0.0	0.0	0.0	0.0	0.0	2.0	6.0	5.0	0.0	12.0	0.0	6.0	4.0	6.0	9.0	0.0	28.0	0.0	0.0	0.0	0.0	3.0	5.0	3.0	7.0	11.0	9.0	10.0	0.0	23.0
D_0__Bacteria;D_1__Bacteroidetes;D_2__Bacteroidia;__;__	1675.0	167.0	20.0	4.0	12.0	15.0	79.0	15.0	77.0	6.0	0.0	898.0	40.0	6.0	17.0	49.0	0.0	121.0	5.0	50.0	21.0	0.0	638.0	7.0	0.0	6.0	0.0	153.0	8.0	175.0	3.0	5.0	2.0	902.0	20.0	13.0	0.0	238.0	1024.0	349.0	854.0	1590.0	716.0	579.0	531.0	1275.0	732.0	1126.0	2.0	1667.0	148.0	998.0	124.0	1650.0	1382.0	579.0	410.0	74.0	4.0	235.0	80.0	119.0	86.0	376.0	101.0	557.0	148.0	286.0	116.0	0.0	134.0	30.0	42.0	214.0	142.0	85.0	404.0	64.0	41.0	48.0	8.0	186.0	167.0	665.0	344.0	288.0	44.0	393.0	215.0	573.0	104.0	477.0	214.0	457.0	348.0	657.0	165.0	745.0	286.0	398.0	327.0	102.0	1066.0
D_0__Bacteria;D_1__Cyanobacteria;D_2__Melainabacteria;D_3__Gastranaerophilales;D_4__Clostridium sp. CAG:306	0.0	0.0	0.0	0.0	0.0	0.0	0.0	0.0	0.0	0.0	0.0	0.0	0.0	0.0	0.0	0.0	0.0	0.0	0.0	0.0	0.0	0.0	0.0	0.0	0.0	0.0	0.0	0.0	0.0	0.0	0.0	0.0	0.0	0.0	0.0	0.0	0.0	0.0	0.0	0.0	0.0	0.0	0.0	0.0	0.0	0.0	0.0	0.0	0.0	0.0	0.0	0.0	0.0	0.0	0.0	0.0	0.0	0.0	0.0	0.0	0.0	0.0	0.0	0.0	0.0	0.0	0.0	0.0	0.0	0.0	0.0	0.0	0.0	0.0	4.0	0.0	0.0	0.0	0.0	4.0	0.0	0.0	0.0	0.0	0.0	0.0	0.0	0.0	0.0	0.0	0.0	0.0	0.0	0.0	0.0	0.0	0.0	0.0	0.0	0.0	0.0	0.0	0.0
D_0__Bacteria;D_1__Cyanobacteria;D_2__Melainabacteria;D_3__Gastranaerophilales;D_4__gut metagenome	0.0	0.0	0.0	0.0	0.0	0.0	0.0	0.0	0.0	0.0	0.0	0.0	0.0	0.0	0.0	0.0	0.0	0.0	0.0	0.0	0.0	0.0	0.0	0.0	0.0	0.0	0.0	0.0	0.0	0.0	0.0	0.0	0.0	0.0	0.0	0.0	0.0	0.0	0.0	0.0	0.0	0.0	0.0	0.0	0.0	0.0	0.0	0.0	0.0	0.0	0.0	0.0	0.0	0.0	0.0	0.0	0.0	0.0	0.0	5.0	0.0	0.0	0.0	0.0	0.0	0.0	0.0	0.0	0.0	0.0	0.0	0.0	0.0	0.0	15.0	0.0	0.0	0.0	0.0	0.0	0.0	0.0	0.0	0.0	0.0	0.0	0.0	0.0	0.0	0.0	0.0	0.0	0.0	0.0	0.0	0.0	0.0	0.0	0.0	0.0	0.0	0.0	0.0
D_0__Bacteria;D_1__Cyanobacteria;D_2__Melainabacteria;D_3__Gastranaerophilales;D_4__uncultured bacterium	0.0	0.0	9.0	4.0	0.0	30.0	0.0	0.0	0.0	0.0	0.0	0.0	0.0	8.0	0.0	6.0	0.0	0.0	0.0	0.0	0.0	0.0	0.0	0.0	0.0	0.0	4.0	0.0	0.0	0.0	0.0	0.0	0.0	0.0	0.0	0.0	0.0	0.0	0.0	0.0	0.0	0.0	0.0	0.0	57.0	0.0	0.0	0.0	0.0	0.0	0.0	0.0	0.0	0.0	0.0	0.0	0.0	0.0	0.0	0.0	0.0	0.0	0.0	0.0	0.0	0.0	0.0	0.0	0.0	0.0	0.0	0.0	0.0	0.0	45.0	0.0	0.0	0.0	0.0	0.0	0.0	0.0	0.0	0.0	0.0	0.0	0.0	0.0	0.0	0.0	0.0	0.0	0.0	0.0	0.0	0.0	0.0	0.0	0.0	0.0	0.0	0.0	0.0
D_0__Bacteria;D_1__Cyanobacteria;D_2__Melainabacteria;D_3__Gastranaerophilales;D_4__uncultured organism	0.0	0.0	15.0	24.0	0.0	11.0	0.0	0.0	0.0	0.0	35.0	0.0	0.0	0.0	2.0	10.0	0.0	0.0	0.0	0.0	0.0	6.0	0.0	15.0	18.0	0.0	0.0	31.0	0.0	6.0	0.0	0.0	0.0	0.0	2.0	15.0	0.0	0.0	0.0	0.0	0.0	0.0	0.0	0.0	0.0	0.0	0.0	0.0	0.0	0.0	3.0	0.0	0.0	0.0	0.0	0.0	8.0	0.0	2.0	0.0	22.0	0.0	4.0	2.0	0.0	0.0	0.0	0.0	0.0	0.0	0.0	3.0	0.0	0.0	0.0	3.0	0.0	0.0	0.0	4.0	0.0	4.0	0.0	0.0	0.0	2.0	0.0	3.0	6.0	7.0	0.0	0.0	0.0	0.0	0.0	31.0	0.0	93.0	0.0	0.0	0.0	0.0	0.0
D_0__Bacteria;D_1__Cyanobacteria;D_2__Melainabacteria;D_3__Gastranaerophilales;__	18.0	3.0	38.0	0.0	0.0	64.0	4.0	0.0	0.0	15.0	42.0	0.0	0.0	0.0	0.0	5.0	0.0	40.0	0.0	9.0	0.0	0.0	2.0	12.0	0.0	0.0	0.0	3.0	6.0	5.0	10.0	0.0	0.0	5.0	0.0	0.0	5.0	0.0	0.0	13.0	5.0	0.0	5.0	2.0	0.0	0.0	0.0	16.0	0.0	49.0	8.0	7.0	0.0	0.0	7.0	12.0	0.0	0.0	0.0	0.0	0.0	27.0	0.0	10.0	4.0	0.0	3.0	0.0	3.0	0.0	59.0	0.0	0.0	0.0	21.0	0.0	6.0	0.0	0.0	15.0	0.0	8.0	25.0	4.0	37.0	10.0	2.0	0.0	0.0	42.0	10.0	6.0	0.0	14.0	0.0	8.0	2.0	15.0	0.0	0.0	0.0	4.0	35.0
D_0__Bacteria;D_1__Cyanobacteria;D_2__Oxyphotobacteria;D_3__Chloroplast;__	0.0	0.0	0.0	0.0	0.0	0.0	0.0	0.0	0.0	0.0	0.0	0.0	0.0	0.0	0.0	0.0	0.0	0.0	0.0	2.0	0.0	0.0	0.0	0.0	0.0	0.0	0.0	0.0	0.0	0.0	0.0	0.0	0.0	0.0	0.0	0.0	0.0	0.0	0.0	0.0	0.0	0.0	0.0	0.0	0.0	0.0	0.0	0.0	0.0	0.0	0.0	0.0	0.0	0.0	0.0	0.0	0.0	0.0	0.0	0.0	0.0	0.0	0.0	0.0	0.0	0.0	0.0	0.0	0.0	0.0	0.0	0.0	0.0	4.0	0.0	0.0	0.0	0.0	0.0	0.0	0.0	0.0	0.0	0.0	0.0	0.0	0.0	0.0	0.0	0.0	0.0	0.0	0.0	2.0	0.0	0.0	0.0	0.0	0.0	0.0	0.0	0.0	0.0
D_0__Bacteria;D_1__Cyanobacteria;__;__;__	0.0	0.0	0.0	0.0	0.0	0.0	0.0	0.0	0.0	0.0	0.0	0.0	0.0	0.0	0.0	3.0	0.0	0.0	0.0	0.0	0.0	0.0	0.0	0.0	0.0	0.0	0.0	0.0	0.0	0.0	0.0	6.0	0.0	0.0	0.0	0.0	0.0	0.0	0.0	0.0	0.0	0.0	0.0	0.0	0.0	0.0	0.0	0.0	0.0	0.0	0.0	0.0	0.0	0.0	0.0	0.0	0.0	0.0	0.0	0.0	0.0	0.0	0.0	0.0	0.0	0.0	0.0	0.0	0.0	0.0	0.0	0.0	0.0	0.0	0.0	0.0	0.0	0.0	0.0	4.0	0.0	0.0	0.0	0.0	0.0	0.0	0.0	0.0	0.0	0.0	0.0	0.0	0.0	0.0	0.0	0.0	0.0	0.0	0.0	0.0	0.0	0.0	0.0
D_0__Bacteria;D_1__Deferribacteres;D_2__Deferribacteres;D_3__Deferribacterales;D_4__Deferribacteraceae	8.0	0.0	99.0	0.0	0.0	0.0	9.0	7.0	0.0	0.0	4.0	3.0	0.0	0.0	4.0	4.0	0.0	0.0	3.0	7.0	0.0	0.0	0.0	2.0	0.0	0.0	5.0	6.0	0.0	0.0	25.0	2.0	0.0	8.0	12.0	8.0	35.0	0.0	3.0	0.0	0.0	0.0	11.0	4.0	0.0	0.0	0.0	0.0	0.0	9.0	6.0	5.0	0.0	4.0	12.0	0.0	20.0	14.0	0.0	0.0	11.0	0.0	4.0	10.0	0.0	0.0	15.0	14.0	3.0	2.0	63.0	16.0	0.0	4.0	43.0	0.0	0.0	2.0	0.0	15.0	0.0	0.0	0.0	0.0	120.0	0.0	0.0	0.0	0.0	7.0	0.0	190.0	0.0	4.0	0.0	0.0	0.0	13.0	0.0	0.0	0.0	5.0	0.0
D_0__Bacteria;D_1__Deinococcus-Thermus;D_2__Deinococci;D_3__Thermales;D_4__Thermaceae	0.0	0.0	0.0	0.0	0.0	0.0	0.0	0.0	0.0	0.0	0.0	0.0	0.0	0.0	0.0	0.0	0.0	0.0	0.0	0.0	0.0	0.0	0.0	0.0	0.0	0.0	0.0	0.0	0.0	0.0	0.0	0.0	0.0	0.0	0.0	0.0	0.0	0.0	0.0	0.0	0.0	0.0	0.0	0.0	0.0	0.0	0.0	0.0	7.0	0.0	0.0	0.0	0.0	0.0	0.0	0.0	0.0	0.0	0.0	0.0	0.0	0.0	0.0	0.0	0.0	0.0	0.0	0.0	0.0	0.0	0.0	0.0	0.0	0.0	0.0	0.0	0.0	0.0	0.0	0.0	0.0	0.0	0.0	0.0	0.0	0.0	0.0	0.0	0.0	0.0	0.0	0.0	0.0	0.0	0.0	0.0	0.0	0.0	2.0	0.0	0.0	0.0	0.0
D_0__Bacteria;D_1__Epsilonbacteraeota;D_2__Campylobacteria;D_3__Campylobacterales;D_4__Campylobacteraceae	0.0	0.0	0.0	0.0	0.0	0.0	0.0	0.0	0.0	0.0	0.0	0.0	0.0	0.0	0.0	0.0	0.0	0.0	0.0	0.0	0.0	0.0	0.0	0.0	0.0	0.0	0.0	0.0	0.0	0.0	0.0	0.0	0.0	0.0	0.0	0.0	0.0	0.0	0.0	0.0	0.0	0.0	0.0	0.0	0.0	0.0	0.0	0.0	4.0	0.0	0.0	0.0	0.0	0.0	0.0	0.0	0.0	0.0	0.0	0.0	0.0	0.0	0.0	0.0	0.0	0.0	0.0	0.0	0.0	0.0	0.0	0.0	0.0	0.0	0.0	0.0	0.0	0.0	0.0	0.0	0.0	0.0	0.0	0.0	0.0	0.0	0.0	0.0	0.0	0.0	0.0	0.0	0.0	0.0	0.0	0.0	0.0	0.0	0.0	0.0	0.0	0.0	0.0
D_0__Bacteria;D_1__Firmicutes;D_2__Bacilli;D_3__Bacillales;D_4__Bacillaceae	0.0	0.0	0.0	0.0	0.0	0.0	0.0	0.0	21.0	11.0	0.0	0.0	0.0	0.0	0.0	0.0	0.0	0.0	0.0	0.0	0.0	0.0	0.0	0.0	0.0	51.0	0.0	0.0	4.0	0.0	0.0	0.0	0.0	0.0	5.0	0.0	72.0	0.0	0.0	0.0	0.0	5.0	13.0	0.0	0.0	0.0	0.0	0.0	9.0	0.0	0.0	0.0	0.0	0.0	0.0	0.0	0.0	0.0	0.0	0.0	0.0	0.0	0.0	0.0	0.0	0.0	0.0	0.0	0.0	0.0	0.0	0.0	0.0	0.0	0.0	0.0	0.0	0.0	0.0	0.0	0.0	0.0	0.0	0.0	0.0	0.0	0.0	0.0	0.0	0.0	0.0	0.0	15.0	0.0	4.0	0.0	0.0	0.0	5.0	0.0	0.0	0.0	0.0
D_0__Bacteria;D_1__Firmicutes;D_2__Bacilli;D_3__Bacillales;D_4__Staphylococcaceae	0.0	0.0	4.0	0.0	0.0	0.0	0.0	0.0	0.0	0.0	0.0	15.0	0.0	0.0	0.0	0.0	0.0	0.0	0.0	5.0	0.0	0.0	0.0	0.0	0.0	0.0	0.0	0.0	0.0	0.0	0.0	0.0	0.0	22.0	0.0	0.0	0.0	0.0	0.0	0.0	0.0	0.0	0.0	0.0	0.0	0.0	0.0	0.0	0.0	7.0	0.0	0.0	0.0	0.0	0.0	0.0	0.0	0.0	0.0	0.0	0.0	0.0	0.0	0.0	0.0	0.0	0.0	0.0	0.0	0.0	0.0	0.0	0.0	0.0	0.0	0.0	0.0	0.0	0.0	0.0	0.0	0.0	0.0	0.0	0.0	0.0	17.0	0.0	0.0	0.0	0.0	0.0	0.0	0.0	0.0	0.0	0.0	0.0	0.0	0.0	0.0	0.0	0.0
D_0__Bacteria;D_1__Firmicutes;D_2__Bacilli;D_3__Lactobacillales;D_4__Aerococcaceae	0.0	0.0	0.0	0.0	0.0	0.0	0.0	0.0	0.0	0.0	0.0	0.0	0.0	0.0	0.0	0.0	0.0	0.0	0.0	0.0	0.0	0.0	0.0	0.0	0.0	0.0	0.0	0.0	0.0	0.0	0.0	0.0	0.0	0.0	0.0	0.0	0.0	0.0	0.0	0.0	0.0	0.0	0.0	0.0	0.0	0.0	0.0	0.0	0.0	0.0	0.0	0.0	0.0	0.0	0.0	0.0	0.0	0.0	0.0	0.0	0.0	0.0	0.0	0.0	0.0	0.0	0.0	0.0	0.0	0.0	0.0	0.0	0.0	0.0	0.0	0.0	0.0	0.0	0.0	0.0	0.0	0.0	9.0	0.0	0.0	0.0	50.0	0.0	0.0	0.0	0.0	0.0	14.0	0.0	9.0	0.0	0.0	0.0	0.0	0.0	0.0	0.0	0.0
D_0__Bacteria;D_1__Firmicutes;D_2__Bacilli;D_3__Lactobacillales;D_4__Enterococcaceae	0.0	0.0	0.0	0.0	0.0	0.0	0.0	0.0	0.0	0.0	0.0	0.0	0.0	0.0	0.0	0.0	0.0	0.0	0.0	0.0	0.0	0.0	2.0	0.0	0.0	30.0	0.0	0.0	0.0	0.0	0.0	0.0	0.0	0.0	0.0	0.0	0.0	0.0	0.0	0.0	0.0	0.0	0.0	0.0	0.0	0.0	0.0	0.0	0.0	0.0	0.0	0.0	0.0	0.0	0.0	0.0	0.0	0.0	0.0	0.0	0.0	0.0	0.0	0.0	0.0	0.0	0.0	0.0	0.0	0.0	0.0	12.0	0.0	0.0	0.0	0.0	0.0	0.0	0.0	0.0	0.0	0.0	0.0	0.0	0.0	0.0	34.0	0.0	0.0	0.0	0.0	7.0	0.0	0.0	0.0	0.0	0.0	0.0	0.0	0.0	0.0	0.0	0.0
D_0__Bacteria;D_1__Firmicutes;D_2__Bacilli;D_3__Lactobacillales;D_4__Lactobacillaceae	2160.0	3803.0	2625.0	6976.0	6604.0	4903.0	3276.0	5048.0	8227.0	4447.0	2621.0	4223.0	2422.0	3579.0	3355.0	2312.0	4065.0	2454.0	3151.0	2786.0	2632.0	3092.0	3042.0	3661.0	8470.0	3247.0	1766.0	5845.0	4010.0	2993.0	1462.0	3365.0	1880.0	7836.0	2229.0	2037.0	3838.0	2901.0	4458.0	2442.0	3436.0	2850.0	9162.0	12297.0	4845.0	2391.0	4084.0	7282.0	6043.0	5587.0	2649.0	4471.0	5567.0	5218.0	7454.0	1431.0	4034.0	5002.0	1479.0	11282.0	5504.0	1471.0	5508.0	4061.0	447.0	3632.0	11418.0	2448.0	9473.0	1391.0	3686.0	2161.0	4310.0	3335.0	2061.0	5750.0	6591.0	4081.0	4521.0	2211.0	4683.0	2958.0	4152.0	9481.0	4568.0	9117.0	6677.0	4501.0	3609.0	4750.0	4657.0	837.0	2989.0	3174.0	2522.0	4548.0	2705.0	2762.0	4033.0	6182.0	4166.0	1753.0	4800.0
D_0__Bacteria;D_1__Firmicutes;D_2__Bacilli;D_3__Lactobacillales;D_4__Leuconostocaceae	0.0	0.0	0.0	0.0	0.0	0.0	0.0	0.0	0.0	0.0	0.0	0.0	0.0	0.0	0.0	0.0	0.0	3.0	0.0	0.0	0.0	0.0	0.0	0.0	7.0	2.0	0.0	0.0	0.0	0.0	0.0	0.0	0.0	0.0	0.0	0.0	0.0	0.0	0.0	0.0	0.0	0.0	0.0	0.0	0.0	0.0	0.0	16.0	0.0	8.0	0.0	0.0	0.0	3.0	5.0	0.0	0.0	0.0	0.0	0.0	0.0	0.0	0.0	0.0	0.0	0.0	0.0	0.0	0.0	0.0	0.0	0.0	0.0	0.0	0.0	0.0	0.0	0.0	0.0	0.0	0.0	0.0	0.0	0.0	0.0	0.0	0.0	0.0	0.0	0.0	0.0	0.0	0.0	0.0	0.0	0.0	0.0	0.0	0.0	0.0	0.0	0.0	0.0
D_0__Bacteria;D_1__Firmicutes;D_2__Bacilli;D_3__Lactobacillales;D_4__Streptococcaceae	40.0	100.0	110.0	46.0	77.0	38.0	60.0	38.0	36.0	82.0	291.0	12.0	45.0	88.0	49.0	109.0	117.0	135.0	36.0	82.0	94.0	4.0	20.0	100.0	274.0	401.0	18.0	155.0	56.0	48.0	78.0	161.0	97.0	0.0	86.0	50.0	146.0	125.0	25.0	42.0	7.0	31.0	0.0	6.0	8.0	20.0	38.0	0.0	0.0	15.0	5.0	2.0	50.0	18.0	15.0	0.0	26.0	96.0	11.0	134.0	7.0	271.0	20.0	179.0	32.0	0.0	283.0	21.0	118.0	13.0	183.0	4.0	12.0	39.0	92.0	23.0	50.0	280.0	51.0	33.0	13.0	9.0	7.0	68.0	22.0	16.0	42.0	29.0	128.0	13.0	37.0	14.0	43.0	30.0	40.0	25.0	27.0	19.0	13.0	17.0	0.0	24.0	11.0
D_0__Bacteria;D_1__Firmicutes;D_2__Bacilli;__;__	0.0	0.0	0.0	6.0	0.0	0.0	0.0	0.0	0.0	0.0	0.0	0.0	0.0	0.0	0.0	0.0	0.0	0.0	0.0	0.0	0.0	0.0	0.0	0.0	0.0	0.0	0.0	0.0	0.0	6.0	0.0	0.0	0.0	0.0	0.0	0.0	0.0	0.0	0.0	0.0	0.0	7.0	0.0	0.0	0.0	0.0	0.0	0.0	0.0	0.0	0.0	0.0	0.0	0.0	0.0	0.0	0.0	0.0	0.0	0.0	0.0	0.0	0.0	0.0	0.0	0.0	0.0	0.0	0.0	0.0	0.0	0.0	0.0	0.0	0.0	0.0	0.0	0.0	7.0	0.0	0.0	0.0	0.0	0.0	0.0	0.0	0.0	0.0	0.0	0.0	0.0	0.0	0.0	0.0	0.0	0.0	0.0	0.0	0.0	0.0	0.0	0.0	0.0
D_0__Bacteria;D_1__Firmicutes;D_2__Clostridia;D_3__Clostridiales;D_4__Christensenellaceae	57.0	0.0	68.0	27.0	16.0	46.0	22.0	33.0	31.0	186.0	231.0	43.0	25.0	33.0	96.0	136.0	10.0	638.0	252.0	112.0	31.0	56.0	81.0	54.0	19.0	9.0	31.0	104.0	4.0	92.0	41.0	22.0	77.0	0.0	222.0	51.0	11.0	33.0	25.0	93.0	78.0	211.0	41.0	39.0	48.0	36.0	63.0	84.0	16.0	38.0	28.0	46.0	6.0	13.0	48.0	39.0	27.0	10.0	6.0	0.0	4.0	38.0	29.0	13.0	37.0	58.0	204.0	39.0	8.0	11.0	162.0	13.0	0.0	28.0	0.0	27.0	64.0	4.0	62.0	0.0	158.0	13.0	106.0	43.0	92.0	62.0	54.0	34.0	12.0	178.0	0.0	40.0	4.0	68.0	14.0	95.0	8.0	91.0	25.0	70.0	17.0	118.0	12.0
D_0__Bacteria;D_1__Firmicutes;D_2__Clostridia;D_3__Clostridiales;D_4__Clostridiaceae 1	0.0	0.0	5.0	0.0	3.0	0.0	0.0	16.0	8.0	4.0	4.0	27.0	14.0	0.0	6.0	20.0	0.0	0.0	7.0	53.0	2.0	0.0	23.0	0.0	22.0	28.0	35.0	2.0	6.0	0.0	5.0	0.0	0.0	51.0	11.0	0.0	32.0	5.0	22.0	0.0	252.0	7.0	26.0	0.0	0.0	2.0	0.0	20.0	14.0	15.0	2.0	393.0	0.0	31.0	0.0	0.0	0.0	359.0	0.0	71.0	2.0	61.0	5.0	118.0	2.0	0.0	606.0	0.0	37.0	0.0	102.0	0.0	34.0	5.0	55.0	0.0	8.0	245.0	90.0	62.0	0.0	0.0	53.0	91.0	494.0	15.0	323.0	9.0	137.0	0.0	158.0	0.0	224.0	20.0	30.0	461.0	67.0	0.0	261.0	368.0	55.0	308.0	70.0
D_0__Bacteria;D_1__Firmicutes;D_2__Clostridia;D_3__Clostridiales;D_4__Clostridiales vadinBB60 group	0.0	0.0	18.0	0.0	0.0	0.0	0.0	0.0	3.0	0.0	0.0	13.0	0.0	2.0	0.0	4.0	0.0	0.0	0.0	5.0	0.0	0.0	5.0	9.0	0.0	0.0	0.0	0.0	14.0	0.0	0.0	0.0	5.0	4.0	33.0	0.0	14.0	0.0	2.0	22.0	0.0	2.0	2.0	2.0	8.0	0.0	0.0	0.0	3.0	0.0	0.0	10.0	4.0	21.0	18.0	0.0	5.0	0.0	0.0	0.0	3.0	0.0	0.0	0.0	0.0	0.0	0.0	8.0	0.0	0.0	0.0	0.0	0.0	0.0	0.0	11.0	4.0	0.0	2.0	0.0	0.0	0.0	0.0	0.0	38.0	0.0	2.0	9.0	6.0	0.0	0.0	36.0	7.0	0.0	3.0	8.0	0.0	0.0	0.0	0.0	0.0	5.0	0.0
D_0__Bacteria;D_1__Firmicutes;D_2__Clostridia;D_3__Clostridiales;D_4__Defluviitaleaceae	24.0	7.0	54.0	13.0	13.0	16.0	59.0	6.0	7.0	23.0	36.0	14.0	5.0	0.0	29.0	7.0	6.0	14.0	19.0	47.0	19.0	10.0	33.0	13.0	19.0	0.0	4.0	15.0	16.0	15.0	15.0	0.0	0.0	0.0	101.0	14.0	8.0	31.0	8.0	128.0	7.0	23.0	3.0	17.0	30.0	12.0	20.0	7.0	0.0	34.0	7.0	15.0	38.0	7.0	21.0	18.0	9.0	5.0	0.0	0.0	0.0	0.0	34.0	7.0	0.0	33.0	13.0	0.0	0.0	10.0	13.0	8.0	0.0	7.0	3.0	6.0	17.0	0.0	17.0	2.0	61.0	5.0	18.0	7.0	16.0	12.0	6.0	9.0	25.0	16.0	6.0	15.0	0.0	65.0	0.0	56.0	6.0	20.0	7.0	30.0	16.0	30.0	7.0
D_0__Bacteria;D_1__Firmicutes;D_2__Clostridia;D_3__Clostridiales;D_4__Eubacteriaceae	0.0	0.0	0.0	2.0	0.0	0.0	11.0	0.0	0.0	0.0	0.0	12.0	0.0	0.0	11.0	0.0	0.0	0.0	0.0	0.0	0.0	0.0	0.0	0.0	0.0	0.0	0.0	2.0	0.0	0.0	0.0	4.0	0.0	0.0	0.0	0.0	2.0	4.0	0.0	12.0	0.0	2.0	6.0	2.0	0.0	12.0	0.0	0.0	0.0	6.0	0.0	0.0	0.0	0.0	5.0	0.0	4.0	0.0	0.0	0.0	0.0	0.0	0.0	0.0	5.0	4.0	0.0	0.0	0.0	6.0	0.0	10.0	0.0	2.0	0.0	2.0	5.0	0.0	0.0	0.0	3.0	0.0	3.0	6.0	7.0	0.0	0.0	2.0	0.0	0.0	0.0	0.0	0.0	0.0	0.0	3.0	0.0	0.0	0.0	0.0	0.0	0.0	0.0
D_0__Bacteria;D_1__Firmicutes;D_2__Clostridia;D_3__Clostridiales;D_4__Family XI	0.0	0.0	0.0	0.0	0.0	0.0	3.0	0.0	0.0	0.0	0.0	0.0	0.0	0.0	0.0	0.0	0.0	0.0	0.0	0.0	0.0	0.0	0.0	0.0	0.0	4.0	0.0	0.0	0.0	0.0	0.0	0.0	0.0	0.0	0.0	0.0	0.0	0.0	0.0	0.0	0.0	0.0	0.0	0.0	0.0	0.0	0.0	0.0	0.0	0.0	0.0	0.0	0.0	0.0	0.0	0.0	0.0	0.0	0.0	0.0	0.0	0.0	0.0	0.0	0.0	0.0	0.0	0.0	0.0	0.0	0.0	0.0	0.0	0.0	0.0	0.0	0.0	0.0	0.0	0.0	0.0	0.0	0.0	0.0	0.0	0.0	0.0	0.0	0.0	0.0	0.0	0.0	0.0	0.0	0.0	0.0	0.0	0.0	0.0	0.0	0.0	0.0	0.0
D_0__Bacteria;D_1__Firmicutes;D_2__Clostridia;D_3__Clostridiales;D_4__Family XIII	55.0	8.0	146.0	28.0	49.0	66.0	73.0	23.0	25.0	52.0	67.0	64.0	17.0	24.0	131.0	68.0	24.0	63.0	52.0	63.0	14.0	45.0	56.0	44.0	21.0	19.0	24.0	116.0	30.0	50.0	65.0	44.0	36.0	26.0	45.0	73.0	74.0	51.0	0.0	150.0	36.0	276.0	17.0	113.0	72.0	37.0	43.0	38.0	13.0	72.0	53.0	64.0	54.0	40.0	56.0	51.0	40.0	45.0	13.0	8.0	90.0	52.0	49.0	44.0	20.0	92.0	35.0	69.0	7.0	83.0	39.0	104.0	34.0	51.0	21.0	101.0	39.0	4.0	35.0	0.0	50.0	13.0	84.0	59.0	84.0	43.0	43.0	118.0	28.0	125.0	13.0	56.0	45.0	94.0	19.0	48.0	39.0	71.0	17.0	65.0	21.0	79.0	36.0
D_0__Bacteria;D_1__Firmicutes;D_2__Clostridia;D_3__Clostridiales;D_4__Lachnospiraceae	1986.0	483.0	4783.0	1186.0	2881.0	1905.0	2174.0	1829.0	1855.0	2851.0	1829.0	3945.0	2512.0	837.0	4129.0	2448.0	1207.0	1438.0	3914.0	2267.0	1082.0	1517.0	5120.0	3420.0	1201.0	832.0	915.0	2891.0	5681.0	1645.0	4523.0	1507.0	1742.0	3168.0	2881.0	3509.0	4588.0	3396.0	2093.0	5072.0	3571.0	5273.0	2315.0	4858.0	8086.0	3199.0	4365.0	2535.0	1202.0	3769.0	872.0	3353.0	2590.0	5411.0	2991.0	2924.0	2156.0	4321.0	979.0	581.0	10057.0	1273.0	3552.0	2143.0	2565.0	2561.0	1777.0	1680.0	532.0	3063.0	3022.0	5943.0	1424.0	1486.0	767.0	4577.0	1111.0	2779.0	3789.0	422.0	3783.0	961.0	6200.0	3082.0	8272.0	2641.0	1143.0	6200.0	996.0	1937.0	263.0	2794.0	1851.0	4150.0	1520.0	2254.0	1889.0	7619.0	1288.0	3086.0	2148.0	4668.0	2408.0
D_0__Bacteria;D_1__Firmicutes;D_2__Clostridia;D_3__Clostridiales;D_4__Peptococcaceae	39.0	10.0	4.0	186.0	284.0	71.0	4.0	8.0	49.0	162.0	78.0	137.0	119.0	39.0	172.0	46.0	66.0	15.0	207.0	51.0	0.0	80.0	141.0	36.0	21.0	31.0	3.0	39.0	147.0	350.0	66.0	0.0	0.0	7.0	6.0	11.0	73.0	35.0	22.0	113.0	94.0	583.0	114.0	250.0	230.0	56.0	187.0	21.0	69.0	337.0	85.0	29.0	18.0	334.0	87.0	237.0	14.0	130.0	8.0	20.0	84.0	53.0	142.0	22.0	5.0	103.0	235.0	10.0	14.0	155.0	99.0	87.0	40.0	14.0	34.0	104.0	152.0	44.0	378.0	3.0	397.0	23.0	211.0	80.0	106.0	92.0	30.0	254.0	4.0	182.0	2.0	18.0	15.0	50.0	39.0	140.0	26.0	221.0	67.0	109.0	125.0	99.0	156.0
D_0__Bacteria;D_1__Firmicutes;D_2__Clostridia;D_3__Clostridiales;D_4__Peptostreptococcaceae	0.0	211.0	4.0	63.0	515.0	13.0	0.0	0.0	0.0	59.0	0.0	31.0	30.0	103.0	4.0	5.0	0.0	58.0	38.0	4.0	0.0	7.0	113.0	8.0	0.0	2.0	257.0	0.0	320.0	31.0	21.0	0.0	0.0	0.0	2.0	0.0	13.0	94.0	42.0	20.0	265.0	278.0	652.0	258.0	452.0	464.0	94.0	41.0	17.0	745.0	39.0	283.0	12.0	190.0	40.0	267.0	0.0	206.0	8.0	165.0	124.0	159.0	123.0	403.0	46.0	38.0	444.0	6.0	119.0	4.0	164.0	0.0	85.0	72.0	135.0	0.0	868.0	404.0	4.0	164.0	194.0	38.0	1593.0	485.0	393.0	106.0	2079.0	312.0	508.0	766.0	425.0	48.0	325.0	530.0	170.0	548.0	550.0	127.0	192.0	352.0	386.0	681.0	309.0
D_0__Bacteria;D_1__Firmicutes;D_2__Clostridia;D_3__Clostridiales;D_4__Ruminococcaceae	5589.0	12835.0	7791.0	9302.0	6071.0	14481.0	10651.0	8937.0	3057.0	18239.0	7218.0	18122.0	17990.0	10077.0	12873.0	14655.0	10946.0	16900.0	11629.0	17755.0	10389.0	9354.0	18725.0	12190.0	10686.0	2872.0	8403.0	10016.0	3726.0	13012.0	7816.0	8205.0	11642.0	6033.0	16336.0	9055.0	9671.0	12226.0	14215.0	19458.0	9241.0	14483.0	7088.0	9169.0	11563.0	6948.0	12299.0	11748.0	5432.0	15415.0	6297.0	8319.0	14374.0	8015.0	10797.0	8234.0	14592.0	2853.0	5743.0	2683.0	6330.0	3486.0	9695.0	4471.0	16601.0	10176.0	10427.0	8869.0	1765.0	16395.0	8091.0	8561.0	1296.0	10058.0	1852.0	12947.0	15829.0	3743.0	13846.0	1474.0	15197.0	6713.0	11897.0	9635.0	15920.0	10275.0	7800.0	20435.0	15327.0	16976.0	5700.0	6639.0	9379.0	14733.0	9322.0	10059.0	7558.0	8322.0	7966.0	10068.0	4069.0	18513.0	8547.0
D_0__Bacteria;D_1__Firmicutes;D_2__Clostridia;D_3__Clostridiales;__	487.0	77.0	243.0	1163.0	965.0	1965.0	1112.0	1128.0	175.0	992.0	112.0	503.0	303.0	95.0	450.0	108.0	375.0	582.0	1449.0	808.0	31.0	392.0	1023.0	319.0	120.0	34.0	51.0	496.0	867.0	1326.0	855.0	483.0	656.0	145.0	540.0	2174.0	733.0	126.0	713.0	287.0	388.0	1930.0	232.0	131.0	141.0	423.0	222.0	97.0	161.0	286.0	148.0	251.0	945.0	262.0	561.0	613.0	702.0	118.0	370.0	18.0	121.0	20.0	713.0	678.0	485.0	1330.0	1249.0	521.0	2.0	821.0	964.0	412.0	23.0	1191.0	11.0	506.0	208.0	10.0	1131.0	55.0	1614.0	460.0	204.0	799.0	116.0	208.0	12.0	288.0	115.0	863.0	46.0	258.0	93.0	273.0	290.0	371.0	208.0	448.0	123.0	220.0	524.0	333.0	225.0
D_0__Bacteria;D_1__Firmicutes;D_2__Clostridia;D_3__Thermoanaerobacterales;D_4__Family III	0.0	0.0	0.0	0.0	0.0	0.0	0.0	0.0	0.0	0.0	0.0	0.0	0.0	0.0	0.0	0.0	0.0	0.0	0.0	0.0	0.0	0.0	0.0	0.0	0.0	0.0	0.0	0.0	0.0	0.0	0.0	2.0	0.0	0.0	0.0	0.0	0.0	0.0	0.0	0.0	0.0	0.0	0.0	0.0	0.0	0.0	0.0	0.0	0.0	0.0	0.0	0.0	0.0	0.0	0.0	0.0	0.0	0.0	0.0	0.0	0.0	0.0	0.0	0.0	0.0	0.0	0.0	0.0	0.0	0.0	0.0	0.0	0.0	0.0	0.0	0.0	0.0	0.0	0.0	0.0	0.0	0.0	0.0	0.0	0.0	0.0	0.0	0.0	0.0	0.0	0.0	0.0	0.0	0.0	0.0	0.0	0.0	0.0	0.0	0.0	0.0	0.0	0.0
D_0__Bacteria;D_1__Firmicutes;D_2__Clostridia;__;__	0.0	0.0	60.0	292.0	0.0	27.0	128.0	0.0	0.0	0.0	0.0	0.0	0.0	51.0	206.0	0.0	40.0	0.0	89.0	0.0	0.0	50.0	0.0	12.0	0.0	0.0	0.0	0.0	0.0	0.0	0.0	20.0	0.0	0.0	121.0	48.0	0.0	0.0	0.0	0.0	0.0	0.0	0.0	0.0	5.0	0.0	0.0	0.0	0.0	10.0	0.0	0.0	0.0	0.0	0.0	0.0	8.0	71.0	0.0	0.0	0.0	0.0	12.0	44.0	17.0	0.0	42.0	0.0	0.0	306.0	39.0	15.0	2.0	38.0	0.0	16.0	0.0	0.0	373.0	0.0	0.0	0.0	0.0	0.0	0.0	0.0	0.0	0.0	0.0	0.0	0.0	0.0	0.0	0.0	0.0	0.0	0.0	0.0	0.0	0.0	0.0	8.0	0.0
D_0__Bacteria;D_1__Firmicutes;D_2__Erysipelotrichia;D_3__Erysipelotrichales;D_4__Erysipelotrichaceae	107.0	24.0	147.0	960.0	82.0	1142.0	904.0	137.0	211.0	387.0	510.0	215.0	130.0	38.0	152.0	106.0	1012.0	148.0	223.0	261.0	282.0	902.0	83.0	566.0	61.0	418.0	1765.0	286.0	258.0	46.0	291.0	268.0	218.0	8046.0	79.0	211.0	546.0	443.0	759.0	127.0	4275.0	189.0	382.0	139.0	74.0	489.0	112.0	212.0	107.0	48.0	52.0	1081.0	86.0	100.0	62.0	85.0	86.0	32109.0	0.0	17685.0	624.0	17576.0	834.0	18111.0	157.0	67.0	13159.0	190.0	14657.0	53.0	2146.0	590.0	22212.0	33.0	8823.0	24.0	162.0	25082.0	51.0	19431.0	224.0	24.0	5438.0	67.0	4554.0	19.0	111.0	63.0	258.0	204.0	1373.0	33.0	3120.0	53.0	273.0	82.0	5390.0	75.0	1437.0	1808.0	16212.0	91.0	624.0
D_0__Bacteria;D_1__Firmicutes;D_2__Negativicutes;D_3__Selenomonadales;D_4__Acidaminococcaceae	0.0	0.0	0.0	3.0	0.0	0.0	0.0	0.0	0.0	0.0	0.0	0.0	0.0	0.0	3.0	0.0	0.0	0.0	0.0	0.0	0.0	3.0	0.0	0.0	0.0	0.0	0.0	0.0	0.0	0.0	0.0	0.0	0.0	0.0	0.0	0.0	0.0	0.0	0.0	0.0	0.0	0.0	0.0	7.0	0.0	0.0	0.0	0.0	0.0	0.0	0.0	0.0	0.0	0.0	0.0	0.0	0.0	0.0	0.0	0.0	0.0	0.0	0.0	0.0	0.0	0.0	0.0	0.0	0.0	0.0	0.0	0.0	0.0	0.0	0.0	0.0	0.0	0.0	0.0	0.0	0.0	0.0	0.0	0.0	0.0	0.0	0.0	0.0	0.0	0.0	0.0	0.0	0.0	0.0	0.0	0.0	0.0	0.0	0.0	0.0	0.0	0.0	0.0
D_0__Bacteria;D_1__Firmicutes;D_2__Negativicutes;D_3__Selenomonadales;D_4__Veillonellaceae	0.0	0.0	0.0	6.0	0.0	7.0	0.0	0.0	0.0	0.0	0.0	0.0	0.0	0.0	0.0	0.0	0.0	0.0	0.0	0.0	0.0	0.0	8.0	4.0	0.0	0.0	0.0	0.0	0.0	0.0	0.0	0.0	0.0	0.0	0.0	0.0	0.0	0.0	0.0	0.0	0.0	0.0	3.0	0.0	0.0	0.0	0.0	0.0	0.0	0.0	0.0	0.0	0.0	0.0	0.0	0.0	3.0	0.0	0.0	6.0	0.0	0.0	0.0	0.0	0.0	0.0	0.0	0.0	0.0	0.0	0.0	0.0	0.0	0.0	0.0	0.0	0.0	0.0	0.0	0.0	0.0	0.0	0.0	0.0	5.0	0.0	0.0	0.0	0.0	0.0	0.0	0.0	0.0	0.0	0.0	0.0	0.0	0.0	0.0	7.0	0.0	0.0	0.0
D_0__Bacteria;D_1__Firmicutes;__;__;__	25.0	47.0	14.0	332.0	0.0	10.0	0.0	2.0	3.0	0.0	46.0	20.0	0.0	20.0	35.0	24.0	0.0	12.0	87.0	26.0	23.0	29.0	16.0	21.0	13.0	15.0	581.0	120.0	0.0	10.0	12.0	0.0	0.0	0.0	57.0	4.0	0.0	69.0	56.0	10.0	274.0	11.0	7.0	172.0	56.0	23.0	22.0	22.0	0.0	149.0	8.0	319.0	17.0	129.0	0.0	18.0	38.0	7.0	0.0	0.0	4.0	12.0	0.0	7.0	25.0	66.0	106.0	3.0	0.0	2.0	49.0	145.0	0.0	10.0	0.0	7.0	117.0	0.0	0.0	4.0	0.0	2.0	46.0	21.0	197.0	9.0	95.0	19.0	390.0	272.0	81.0	36.0	361.0	35.0	0.0	1451.0	12.0	480.0	43.0	167.0	46.0	294.0	137.0
D_0__Bacteria;D_1__Fusobacteria;D_2__Fusobacteriia;D_3__Fusobacteriales;D_4__Fusobacteriaceae	0.0	0.0	0.0	0.0	0.0	0.0	0.0	0.0	0.0	0.0	0.0	0.0	0.0	0.0	0.0	0.0	0.0	0.0	0.0	0.0	0.0	0.0	0.0	0.0	0.0	0.0	0.0	0.0	0.0	0.0	0.0	7.0	0.0	0.0	0.0	0.0	0.0	2.0	0.0	0.0	0.0	2.0	0.0	0.0	0.0	0.0	0.0	0.0	0.0	0.0	0.0	0.0	0.0	0.0	0.0	0.0	0.0	0.0	0.0	0.0	0.0	0.0	0.0	0.0	0.0	0.0	0.0	0.0	0.0	0.0	0.0	0.0	0.0	0.0	0.0	0.0	0.0	0.0	0.0	0.0	0.0	0.0	2.0	0.0	0.0	0.0	0.0	0.0	0.0	0.0	0.0	0.0	0.0	0.0	0.0	0.0	0.0	0.0	0.0	0.0	0.0	0.0	0.0
D_0__Bacteria;D_1__Lentisphaerae;D_2__Lentisphaeria;D_3__Victivallales;D_4__Victivallaceae	0.0	0.0	0.0	0.0	0.0	0.0	0.0	0.0	0.0	0.0	0.0	0.0	0.0	0.0	0.0	0.0	0.0	0.0	0.0	0.0	0.0	0.0	0.0	0.0	0.0	0.0	0.0	0.0	0.0	0.0	0.0	0.0	0.0	6.0	0.0	0.0	0.0	0.0	0.0	0.0	0.0	0.0	0.0	0.0	0.0	0.0	0.0	0.0	0.0	0.0	0.0	0.0	0.0	0.0	0.0	0.0	0.0	0.0	0.0	4.0	0.0	4.0	0.0	5.0	0.0	0.0	0.0	0.0	0.0	0.0	0.0	0.0	2.0	0.0	5.0	0.0	0.0	0.0	0.0	0.0	0.0	0.0	0.0	0.0	0.0	0.0	0.0	0.0	0.0	0.0	0.0	0.0	0.0	0.0	0.0	0.0	0.0	0.0	0.0	0.0	0.0	0.0	0.0
D_0__Bacteria;D_1__Patescibacteria;D_2__Saccharimonadia;D_3__Saccharimonadales;D_4__Saccharimonadaceae	0.0	0.0	0.0	0.0	0.0	0.0	0.0	0.0	0.0	0.0	0.0	0.0	0.0	0.0	0.0	0.0	0.0	0.0	0.0	2.0	0.0	0.0	6.0	0.0	0.0	0.0	0.0	0.0	0.0	0.0	0.0	0.0	0.0	0.0	0.0	4.0	0.0	5.0	0.0	0.0	0.0	0.0	0.0	0.0	0.0	0.0	0.0	0.0	0.0	0.0	0.0	0.0	0.0	0.0	0.0	0.0	0.0	0.0	0.0	0.0	0.0	0.0	0.0	0.0	0.0	0.0	0.0	0.0	0.0	0.0	0.0	0.0	0.0	0.0	0.0	0.0	0.0	0.0	0.0	0.0	0.0	0.0	0.0	0.0	0.0	0.0	0.0	0.0	0.0	0.0	0.0	0.0	0.0	0.0	0.0	0.0	0.0	0.0	0.0	0.0	0.0	0.0	0.0
D_0__Bacteria;D_1__Proteobacteria;D_2__Alphaproteobacteria;D_3__Rhodospirillales;D_4__uncultured	0.0	0.0	0.0	0.0	2.0	5.0	36.0	0.0	2.0	0.0	0.0	0.0	0.0	0.0	0.0	5.0	0.0	25.0	0.0	0.0	0.0	19.0	26.0	0.0	0.0	0.0	0.0	0.0	0.0	0.0	0.0	0.0	0.0	4.0	7.0	0.0	0.0	0.0	7.0	0.0	0.0	0.0	0.0	7.0	0.0	0.0	0.0	0.0	0.0	0.0	0.0	3.0	13.0	0.0	0.0	9.0	14.0	12.0	0.0	11.0	11.0	17.0	0.0	42.0	0.0	0.0	6.0	8.0	0.0	0.0	23.0	0.0	0.0	2.0	24.0	0.0	0.0	0.0	0.0	20.0	0.0	2.0	43.0	16.0	12.0	11.0	0.0	14.0	0.0	78.0	0.0	9.0	0.0	4.0	7.0	31.0	15.0	64.0	0.0	0.0	18.0	6.0	0.0
D_0__Bacteria;D_1__Proteobacteria;D_2__Alphaproteobacteria;D_3__Rickettsiales;D_4__Mitochondria	0.0	0.0	0.0	0.0	0.0	0.0	0.0	0.0	0.0	0.0	0.0	0.0	0.0	0.0	0.0	0.0	0.0	0.0	0.0	0.0	0.0	0.0	0.0	0.0	0.0	0.0	0.0	0.0	0.0	0.0	0.0	0.0	0.0	3.0	0.0	0.0	0.0	0.0	0.0	0.0	0.0	0.0	0.0	0.0	0.0	0.0	0.0	0.0	0.0	0.0	0.0	0.0	0.0	0.0	0.0	0.0	0.0	0.0	0.0	0.0	0.0	0.0	0.0	0.0	0.0	0.0	0.0	0.0	0.0	0.0	0.0	0.0	0.0	0.0	0.0	0.0	0.0	0.0	0.0	0.0	0.0	0.0	0.0	0.0	0.0	0.0	0.0	0.0	0.0	0.0	0.0	0.0	0.0	0.0	0.0	0.0	0.0	0.0	0.0	0.0	0.0	0.0	0.0
D_0__Bacteria;D_1__Proteobacteria;D_2__Alphaproteobacteria;__;__	6.0	0.0	44.0	0.0	0.0	0.0	0.0	0.0	0.0	0.0	12.0	11.0	0.0	0.0	0.0	4.0	0.0	10.0	11.0	11.0	7.0	0.0	4.0	6.0	0.0	0.0	0.0	10.0	5.0	0.0	11.0	0.0	0.0	21.0	0.0	9.0	4.0	4.0	4.0	4.0	7.0	0.0	2.0	2.0	0.0	9.0	2.0	5.0	0.0	30.0	0.0	4.0	3.0	6.0	2.0	8.0	0.0	0.0	4.0	18.0	0.0	46.0	7.0	12.0	0.0	19.0	0.0	3.0	7.0	4.0	9.0	7.0	0.0	2.0	9.0	4.0	0.0	7.0	0.0	6.0	0.0	0.0	32.0	0.0	19.0	0.0	0.0	0.0	0.0	5.0	0.0	0.0	0.0	0.0	3.0	0.0	5.0	15.0	5.0	3.0	0.0	8.0	7.0
D_0__Bacteria;D_1__Proteobacteria;D_2__Deltaproteobacteria;D_3__Desulfovibrionales;D_4__Desulfovibrionaceae	75.0	71.0	530.0	100.0	117.0	42.0	149.0	16.0	142.0	69.0	72.0	122.0	76.0	76.0	136.0	65.0	91.0	44.0	131.0	61.0	106.0	104.0	220.0	173.0	56.0	50.0	66.0	135.0	37.0	55.0	218.0	578.0	61.0	59.0	323.0	181.0	79.0	144.0	81.0	228.0	63.0	615.0	70.0	287.0	214.0	154.0	71.0	82.0	71.0	114.0	58.0	125.0	201.0	46.0	104.0	19.0	190.0	143.0	36.0	28.0	484.0	90.0	55.0	168.0	71.0	68.0	64.0	290.0	36.0	103.0	239.0	238.0	40.0	88.0	37.0	334.0	105.0	84.0	73.0	19.0	20.0	69.0	258.0	98.0	641.0	99.0	58.0	209.0	124.0	135.0	24.0	177.0	520.0	144.0	130.0	136.0	4.0	279.0	113.0	165.0	111.0	156.0	71.0
D_0__Bacteria;D_1__Proteobacteria;D_2__Gammaproteobacteria;D_3__Betaproteobacteriales;D_4__Burkholderiaceae	324.0	26.0	169.0	194.0	361.0	266.0	174.0	117.0	124.0	315.0	146.0	379.0	109.0	29.0	106.0	147.0	84.0	381.0	145.0	1024.0	49.0	292.0	305.0	316.0	53.0	714.0	315.0	96.0	621.0	70.0	494.0	56.0	224.0	921.0	97.0	230.0	520.0	99.0	66.0	453.0	410.0	241.0	695.0	65.0	88.0	737.0	256.0	288.0	47.0	99.0	96.0	349.0	101.0	223.0	302.0	160.0	87.0	943.0	61.0	2789.0	196.0	2473.0	69.0	1915.0	35.0	348.0	990.0	282.0	3223.0	71.0	1175.0	160.0	2765.0	60.0	1104.0	12.0	101.0	307.0	74.0	2113.0	448.0	38.0	1077.0	153.0	521.0	159.0	21.0	82.0	150.0	282.0	317.0	127.0	200.0	84.0	235.0	113.0	9.0	404.0	252.0	692.0	1502.0	168.0	1053.0
D_0__Bacteria;D_1__Proteobacteria;D_2__Gammaproteobacteria;D_3__Betaproteobacteriales;__	117.0	0.0	343.0	18.0	89.0	116.0	206.0	146.0	35.0	179.0	0.0	0.0	0.0	0.0	0.0	0.0	0.0	0.0	73.0	0.0	0.0	19.0	17.0	0.0	0.0	0.0	18.0	0.0	85.0	217.0	295.0	251.0	188.0	0.0	173.0	222.0	37.0	56.0	0.0	50.0	0.0	5.0	0.0	47.0	0.0	0.0	7.0	57.0	0.0	25.0	0.0	3.0	44.0	0.0	0.0	40.0	296.0	0.0	33.0	0.0	63.0	0.0	56.0	0.0	69.0	130.0	0.0	205.0	0.0	85.0	0.0	80.0	0.0	92.0	0.0	180.0	5.0	0.0	95.0	0.0	282.0	56.0	0.0	43.0	0.0	218.0	15.0	330.0	42.0	244.0	0.0	62.0	0.0	137.0	0.0	164.0	0.0	66.0	0.0	0.0	0.0	60.0	0.0
D_0__Bacteria;D_1__Proteobacteria;D_2__Gammaproteobacteria;D_3__Enterobacteriales;D_4__Enterobacteriaceae	0.0	0.0	0.0	0.0	0.0	13.0	0.0	12.0	0.0	22.0	0.0	0.0	0.0	0.0	0.0	0.0	7.0	2.0	0.0	0.0	0.0	3.0	0.0	0.0	13.0	1491.0	0.0	0.0	643.0	170.0	110.0	0.0	0.0	0.0	5.0	14.0	0.0	0.0	0.0	0.0	0.0	6.0	0.0	0.0	0.0	0.0	0.0	0.0	0.0	6.0	35.0	0.0	0.0	5.0	0.0	0.0	0.0	0.0	0.0	0.0	5.0	30.0	10.0	6.0	0.0	0.0	6.0	0.0	3.0	0.0	34.0	0.0	9.0	6.0	55.0	0.0	22.0	0.0	24.0	14.0	12.0	0.0	71.0	14.0	0.0	4.0	849.0	7.0	8.0	0.0	4.0	0.0	200.0	2.0	185.0	4.0	0.0	10.0	0.0	0.0	0.0	0.0	0.0
D_0__Bacteria;D_1__Proteobacteria;D_2__Gammaproteobacteria;D_3__Pasteurellales;D_4__Pasteurellaceae	0.0	0.0	2.0	0.0	0.0	4.0	0.0	0.0	0.0	0.0	0.0	0.0	0.0	0.0	2.0	0.0	0.0	0.0	0.0	0.0	0.0	0.0	0.0	0.0	0.0	4.0	0.0	0.0	10.0	0.0	12.0	0.0	0.0	0.0	4.0	0.0	5.0	0.0	0.0	0.0	0.0	0.0	0.0	0.0	0.0	2.0	0.0	0.0	0.0	0.0	4.0	0.0	0.0	2.0	0.0	8.0	3.0	0.0	0.0	0.0	0.0	0.0	9.0	0.0	0.0	0.0	0.0	4.0	0.0	12.0	0.0	0.0	0.0	0.0	2.0	0.0	0.0	0.0	0.0	0.0	0.0	0.0	4.0	0.0	0.0	0.0	0.0	0.0	0.0	0.0	0.0	0.0	0.0	0.0	0.0	0.0	0.0	0.0	0.0	0.0	2.0	0.0	0.0
D_0__Bacteria;D_1__Proteobacteria;D_2__Gammaproteobacteria;D_3__Pseudomonadales;D_4__Moraxellaceae	0.0	0.0	0.0	0.0	0.0	0.0	0.0	0.0	0.0	0.0	0.0	0.0	0.0	0.0	0.0	0.0	0.0	0.0	0.0	0.0	0.0	0.0	0.0	0.0	0.0	0.0	0.0	0.0	0.0	0.0	0.0	0.0	0.0	7.0	0.0	0.0	0.0	0.0	0.0	0.0	0.0	0.0	0.0	0.0	0.0	0.0	0.0	0.0	0.0	0.0	0.0	0.0	0.0	0.0	0.0	0.0	0.0	0.0	0.0	0.0	0.0	0.0	0.0	0.0	0.0	0.0	0.0	0.0	0.0	0.0	0.0	0.0	0.0	0.0	0.0	0.0	0.0	0.0	0.0	0.0	0.0	0.0	0.0	0.0	0.0	0.0	0.0	0.0	0.0	0.0	0.0	0.0	0.0	0.0	0.0	0.0	0.0	0.0	0.0	0.0	0.0	0.0	0.0
D_0__Bacteria;D_1__Proteobacteria;D_2__Gammaproteobacteria;D_3__Pseudomonadales;D_4__Pseudomonadaceae	0.0	0.0	0.0	0.0	0.0	0.0	0.0	0.0	0.0	0.0	0.0	22.0	0.0	0.0	0.0	0.0	0.0	0.0	0.0	0.0	0.0	0.0	0.0	0.0	0.0	0.0	0.0	0.0	0.0	0.0	0.0	0.0	0.0	4.0	0.0	0.0	0.0	0.0	0.0	0.0	0.0	0.0	0.0	0.0	0.0	0.0	0.0	0.0	0.0	0.0	0.0	0.0	0.0	0.0	0.0	0.0	0.0	0.0	0.0	0.0	0.0	0.0	0.0	0.0	0.0	0.0	0.0	0.0	0.0	0.0	0.0	0.0	0.0	0.0	0.0	0.0	0.0	0.0	0.0	0.0	0.0	0.0	0.0	0.0	0.0	0.0	0.0	0.0	0.0	0.0	0.0	0.0	0.0	0.0	0.0	0.0	0.0	0.0	0.0	0.0	0.0	0.0	0.0
D_0__Bacteria;D_1__Proteobacteria;D_2__Gammaproteobacteria;D_3__Xanthomonadales;D_4__Xanthomonadaceae	0.0	0.0	0.0	0.0	0.0	0.0	0.0	0.0	0.0	0.0	0.0	0.0	0.0	0.0	0.0	0.0	0.0	0.0	0.0	0.0	0.0	0.0	0.0	0.0	0.0	0.0	0.0	0.0	0.0	0.0	0.0	0.0	0.0	7.0	0.0	0.0	0.0	0.0	0.0	0.0	0.0	0.0	0.0	0.0	0.0	0.0	0.0	0.0	0.0	0.0	0.0	0.0	0.0	0.0	0.0	0.0	0.0	0.0	0.0	0.0	0.0	0.0	0.0	0.0	0.0	0.0	0.0	0.0	0.0	0.0	0.0	0.0	0.0	0.0	0.0	0.0	0.0	0.0	0.0	0.0	0.0	0.0	0.0	0.0	0.0	0.0	0.0	0.0	0.0	0.0	0.0	0.0	0.0	0.0	0.0	0.0	0.0	0.0	0.0	0.0	0.0	0.0	0.0
D_0__Bacteria;D_1__Proteobacteria;__;__;__	0.0	0.0	0.0	0.0	0.0	0.0	0.0	0.0	0.0	0.0	11.0	0.0	0.0	0.0	0.0	3.0	0.0	0.0	0.0	0.0	0.0	0.0	0.0	0.0	0.0	0.0	2.0	0.0	0.0	0.0	0.0	0.0	0.0	0.0	0.0	0.0	0.0	0.0	0.0	0.0	0.0	7.0	0.0	0.0	0.0	0.0	0.0	0.0	0.0	0.0	0.0	0.0	0.0	0.0	0.0	0.0	0.0	0.0	0.0	0.0	0.0	0.0	0.0	0.0	0.0	0.0	0.0	0.0	0.0	0.0	0.0	0.0	0.0	0.0	0.0	0.0	0.0	0.0	0.0	0.0	0.0	0.0	0.0	0.0	0.0	0.0	0.0	0.0	0.0	0.0	0.0	0.0	4.0	0.0	0.0	0.0	0.0	0.0	0.0	0.0	0.0	0.0	0.0
D_0__Bacteria;D_1__Tenericutes;D_2__Mollicutes;D_3__Anaeroplasmatales;D_4__Anaeroplasmataceae	0.0	0.0	0.0	9.0	0.0	0.0	0.0	0.0	0.0	0.0	9.0	10.0	0.0	4.0	103.0	3.0	0.0	0.0	0.0	0.0	0.0	0.0	0.0	0.0	0.0	0.0	2.0	11.0	0.0	0.0	8.0	0.0	0.0	0.0	270.0	0.0	0.0	42.0	3.0	2.0	0.0	0.0	3.0	4.0	0.0	0.0	0.0	0.0	0.0	0.0	0.0	10.0	0.0	15.0	4.0	0.0	2.0	0.0	0.0	0.0	0.0	0.0	0.0	0.0	2.0	0.0	0.0	3.0	0.0	7.0	4.0	2.0	0.0	0.0	0.0	4.0	0.0	12.0	0.0	4.0	3.0	0.0	3.0	0.0	0.0	0.0	0.0	2.0	0.0	8.0	0.0	0.0	0.0	8.0	4.0	4.0	0.0	6.0	2.0	0.0	0.0	6.0	0.0
D_0__Bacteria;D_1__Tenericutes;D_2__Mollicutes;D_3__Izimaplasmatales;__	0.0	0.0	0.0	4.0	0.0	0.0	0.0	3.0	0.0	0.0	0.0	0.0	0.0	0.0	2.0	0.0	0.0	0.0	0.0	0.0	0.0	0.0	0.0	0.0	0.0	0.0	0.0	0.0	0.0	0.0	0.0	0.0	0.0	0.0	0.0	0.0	0.0	0.0	0.0	0.0	0.0	0.0	0.0	0.0	0.0	0.0	0.0	0.0	0.0	0.0	0.0	0.0	0.0	0.0	0.0	0.0	4.0	0.0	0.0	0.0	2.0	0.0	0.0	0.0	0.0	0.0	0.0	0.0	0.0	0.0	0.0	0.0	0.0	0.0	0.0	0.0	0.0	0.0	0.0	0.0	0.0	0.0	0.0	0.0	0.0	0.0	0.0	0.0	0.0	0.0	0.0	0.0	0.0	0.0	0.0	0.0	0.0	0.0	0.0	0.0	0.0	3.0	0.0
D_0__Bacteria;D_1__Tenericutes;D_2__Mollicutes;D_3__Mollicutes RF39;D_4__gut metagenome	0.0	0.0	0.0	0.0	0.0	0.0	0.0	0.0	0.0	0.0	0.0	0.0	0.0	0.0	0.0	0.0	0.0	0.0	0.0	0.0	0.0	0.0	0.0	0.0	0.0	0.0	0.0	0.0	0.0	0.0	0.0	0.0	0.0	0.0	0.0	0.0	0.0	0.0	0.0	0.0	0.0	0.0	0.0	0.0	0.0	0.0	0.0	0.0	0.0	0.0	0.0	0.0	0.0	0.0	0.0	4.0	0.0	0.0	0.0	0.0	0.0	0.0	0.0	0.0	0.0	0.0	0.0	0.0	0.0	0.0	0.0	0.0	0.0	0.0	0.0	0.0	0.0	0.0	0.0	0.0	0.0	0.0	0.0	0.0	0.0	0.0	0.0	0.0	0.0	0.0	0.0	0.0	0.0	0.0	0.0	0.0	0.0	0.0	0.0	0.0	0.0	5.0	0.0
D_0__Bacteria;D_1__Tenericutes;D_2__Mollicutes;D_3__Mollicutes RF39;D_4__uncultured Erysipelotrichaceae bacterium	0.0	0.0	0.0	0.0	0.0	0.0	0.0	0.0	0.0	0.0	0.0	0.0	0.0	0.0	0.0	0.0	0.0	0.0	0.0	0.0	0.0	0.0	0.0	0.0	0.0	0.0	0.0	0.0	0.0	0.0	0.0	0.0	0.0	0.0	0.0	0.0	0.0	0.0	0.0	0.0	0.0	0.0	0.0	0.0	0.0	0.0	0.0	399.0	0.0	0.0	0.0	0.0	0.0	0.0	0.0	0.0	0.0	0.0	0.0	0.0	0.0	0.0	0.0	0.0	0.0	0.0	0.0	0.0	0.0	0.0	0.0	0.0	0.0	0.0	0.0	0.0	0.0	0.0	0.0	0.0	0.0	0.0	0.0	0.0	0.0	0.0	0.0	0.0	0.0	0.0	0.0	0.0	0.0	0.0	0.0	0.0	0.0	0.0	0.0	0.0	0.0	0.0	0.0
D_0__Bacteria;D_1__Tenericutes;D_2__Mollicutes;D_3__Mollicutes RF39;D_4__uncultured Firmicutes bacterium	0.0	0.0	0.0	0.0	0.0	0.0	0.0	0.0	0.0	0.0	0.0	0.0	0.0	0.0	0.0	0.0	0.0	0.0	0.0	0.0	0.0	0.0	0.0	0.0	0.0	0.0	0.0	0.0	0.0	0.0	0.0	0.0	0.0	0.0	0.0	0.0	0.0	0.0	0.0	0.0	0.0	0.0	0.0	0.0	0.0	0.0	0.0	0.0	0.0	0.0	0.0	0.0	0.0	0.0	0.0	0.0	0.0	0.0	0.0	0.0	0.0	0.0	0.0	0.0	0.0	0.0	0.0	0.0	0.0	0.0	0.0	0.0	0.0	0.0	0.0	0.0	0.0	0.0	0.0	0.0	0.0	0.0	0.0	0.0	0.0	0.0	0.0	8.0	0.0	0.0	0.0	0.0	0.0	0.0	0.0	0.0	0.0	0.0	0.0	7.0	0.0	0.0	0.0
D_0__Bacteria;D_1__Tenericutes;D_2__Mollicutes;D_3__Mollicutes RF39;D_4__uncultured Mollicutes bacterium	0.0	0.0	0.0	148.0	0.0	107.0	0.0	114.0	0.0	0.0	0.0	0.0	0.0	0.0	79.0	0.0	77.0	139.0	399.0	0.0	0.0	602.0	1049.0	0.0	0.0	0.0	0.0	0.0	0.0	7.0	141.0	10.0	0.0	0.0	0.0	0.0	13.0	0.0	0.0	0.0	0.0	0.0	0.0	0.0	0.0	0.0	0.0	0.0	0.0	0.0	0.0	0.0	0.0	0.0	0.0	0.0	0.0	0.0	0.0	0.0	0.0	0.0	804.0	95.0	294.0	0.0	191.0	0.0	0.0	966.0	36.0	59.0	0.0	54.0	0.0	0.0	0.0	0.0	0.0	34.0	0.0	0.0	0.0	0.0	0.0	0.0	0.0	0.0	0.0	0.0	0.0	0.0	0.0	0.0	0.0	0.0	0.0	0.0	0.0	0.0	0.0	0.0	0.0
D_0__Bacteria;D_1__Tenericutes;D_2__Mollicutes;D_3__Mollicutes RF39;D_4__uncultured Paenibacillaceae bacterium	0.0	0.0	0.0	21.0	0.0	6.0	0.0	0.0	0.0	0.0	7.0	0.0	0.0	0.0	0.0	0.0	0.0	0.0	10.0	0.0	17.0	0.0	21.0	0.0	0.0	0.0	0.0	0.0	0.0	0.0	0.0	0.0	0.0	0.0	0.0	0.0	0.0	0.0	0.0	0.0	0.0	0.0	3.0	0.0	0.0	0.0	0.0	0.0	6.0	14.0	0.0	0.0	0.0	0.0	0.0	0.0	0.0	0.0	0.0	0.0	0.0	0.0	0.0	0.0	0.0	0.0	0.0	0.0	0.0	13.0	0.0	0.0	0.0	0.0	0.0	0.0	0.0	0.0	0.0	0.0	0.0	0.0	39.0	0.0	21.0	22.0	18.0	14.0	0.0	29.0	38.0	16.0	12.0	9.0	15.0	0.0	6.0	0.0	47.0	14.0	0.0	0.0	0.0
D_0__Bacteria;D_1__Tenericutes;D_2__Mollicutes;D_3__Mollicutes RF39;D_4__uncultured bacterium adhufec202	0.0	0.0	0.0	0.0	0.0	0.0	0.0	0.0	0.0	0.0	0.0	0.0	0.0	0.0	0.0	7.0	0.0	0.0	0.0	0.0	0.0	0.0	0.0	0.0	0.0	0.0	0.0	0.0	0.0	0.0	0.0	0.0	0.0	0.0	0.0	0.0	0.0	0.0	0.0	0.0	0.0	0.0	0.0	0.0	0.0	0.0	0.0	0.0	0.0	0.0	0.0	0.0	0.0	0.0	0.0	0.0	0.0	0.0	0.0	0.0	0.0	0.0	0.0	0.0	0.0	0.0	0.0	0.0	0.0	0.0	0.0	0.0	0.0	0.0	0.0	0.0	7.0	0.0	0.0	0.0	0.0	0.0	0.0	0.0	31.0	0.0	0.0	0.0	0.0	12.0	0.0	0.0	34.0	0.0	0.0	0.0	0.0	0.0	8.0	0.0	0.0	0.0	0.0
D_0__Bacteria;D_1__Tenericutes;D_2__Mollicutes;D_3__Mollicutes RF39;D_4__uncultured prokaryote	0.0	0.0	4.0	0.0	0.0	24.0	0.0	0.0	0.0	0.0	0.0	0.0	0.0	0.0	0.0	0.0	0.0	0.0	7.0	0.0	0.0	0.0	0.0	0.0	0.0	0.0	6.0	0.0	0.0	0.0	0.0	5.0	0.0	0.0	0.0	0.0	0.0	0.0	0.0	0.0	0.0	0.0	0.0	0.0	0.0	0.0	0.0	0.0	0.0	0.0	0.0	9.0	0.0	0.0	0.0	0.0	0.0	0.0	2.0	0.0	0.0	0.0	24.0	0.0	9.0	0.0	0.0	0.0	0.0	0.0	0.0	0.0	0.0	0.0	0.0	0.0	0.0	0.0	0.0	0.0	0.0	0.0	0.0	0.0	0.0	0.0	0.0	0.0	0.0	0.0	0.0	0.0	17.0	0.0	0.0	0.0	0.0	0.0	0.0	0.0	0.0	0.0	0.0
D_0__Bacteria;D_1__Tenericutes;D_2__Mollicutes;D_3__Mollicutes RF39;D_4__unidentified	25.0	0.0	0.0	0.0	8.0	27.0	0.0	0.0	0.0	13.0	22.0	0.0	0.0	10.0	38.0	32.0	40.0	21.0	0.0	59.0	0.0	9.0	26.0	40.0	0.0	41.0	12.0	9.0	2.0	0.0	9.0	0.0	8.0	0.0	29.0	63.0	0.0	29.0	33.0	63.0	38.0	46.0	0.0	0.0	0.0	0.0	19.0	6.0	0.0	104.0	0.0	29.0	61.0	0.0	41.0	45.0	0.0	0.0	0.0	0.0	5.0	0.0	16.0	12.0	0.0	0.0	25.0	0.0	0.0	31.0	12.0	20.0	0.0	0.0	0.0	15.0	21.0	0.0	0.0	0.0	168.0	0.0	0.0	15.0	24.0	0.0	10.0	18.0	0.0	21.0	0.0	13.0	19.0	0.0	15.0	26.0	45.0	16.0	14.0	56.0	0.0	39.0	0.0
D_0__Bacteria;D_1__Tenericutes;D_2__Mollicutes;D_3__Mollicutes RF39;D_4__unidentified rumen bacterium RF39	0.0	0.0	0.0	0.0	0.0	0.0	0.0	0.0	0.0	0.0	0.0	0.0	0.0	0.0	0.0	0.0	0.0	0.0	0.0	0.0	0.0	0.0	0.0	0.0	0.0	0.0	0.0	0.0	0.0	0.0	0.0	0.0	0.0	0.0	0.0	0.0	0.0	0.0	0.0	0.0	0.0	7.0	0.0	0.0	0.0	0.0	0.0	0.0	0.0	0.0	0.0	0.0	0.0	0.0	0.0	0.0	0.0	0.0	0.0	0.0	0.0	0.0	0.0	0.0	0.0	0.0	0.0	0.0	0.0	0.0	0.0	0.0	0.0	0.0	0.0	0.0	0.0	0.0	0.0	0.0	0.0	0.0	0.0	0.0	0.0	0.0	0.0	0.0	0.0	0.0	0.0	0.0	0.0	0.0	0.0	0.0	0.0	0.0	0.0	0.0	0.0	0.0	0.0
D_0__Bacteria;D_1__Tenericutes;D_2__Mollicutes;D_3__Mollicutes RF39;__	7.0	208.0	1234.0	16.0	7.0	29.0	165.0	497.0	11.0	373.0	38.0	153.0	55.0	262.0	36.0	1256.0	152.0	83.0	75.0	552.0	335.0	124.0	1184.0	470.0	0.0	20.0	42.0	40.0	21.0	474.0	90.0	57.0	76.0	100.0	817.0	34.0	22.0	1069.0	833.0	504.0	889.0	235.0	83.0	36.0	1712.0	151.0	169.0	242.0	276.0	174.0	46.0	795.0	1387.0	446.0	508.0	93.0	330.0	6.0	131.0	25.0	6.0	5.0	18.0	174.0	147.0	413.0	317.0	77.0	18.0	231.0	176.0	220.0	0.0	71.0	3.0	515.0	964.0	33.0	725.0	179.0	339.0	44.0	378.0	199.0	398.0	120.0	189.0	39.0	324.0	578.0	368.0	158.0	256.0	24.0	467.0	405.0	218.0	23.0	159.0	955.0	202.0	594.0	100.0
D_0__Bacteria;D_1__Tenericutes;D_2__Mollicutes;__;__	0.0	0.0	0.0	0.0	0.0	28.0	0.0	0.0	0.0	0.0	0.0	44.0	9.0	12.0	19.0	19.0	27.0	7.0	0.0	5.0	0.0	14.0	2.0	0.0	8.0	0.0	0.0	0.0	0.0	19.0	12.0	0.0	59.0	0.0	0.0	0.0	0.0	11.0	40.0	55.0	17.0	0.0	3.0	7.0	15.0	0.0	0.0	0.0	0.0	0.0	0.0	13.0	0.0	0.0	0.0	0.0	0.0	0.0	0.0	0.0	0.0	11.0	0.0	8.0	0.0	0.0	0.0	18.0	0.0	4.0	0.0	15.0	14.0	0.0	3.0	0.0	36.0	0.0	0.0	22.0	0.0	0.0	6.0	12.0	64.0	0.0	24.0	0.0	5.0	33.0	0.0	14.0	74.0	0.0	0.0	25.0	0.0	0.0	0.0	34.0	0.0	0.0	14.0
D_0__Bacteria;D_1__Verrucomicrobia;D_2__Verrucomicrobiae;D_3__Verrucomicrobiales;D_4__Akkermansiaceae	96.0	26.0	4510.0	722.0	1512.0	112.0	0.0	1136.0	2223.0	340.0	329.0	6.0	634.0	5446.0	3275.0	6486.0	539.0	0.0	35.0	2915.0	3131.0	1613.0	18.0	1558.0	8820.0	6.0	4051.0	4.0	576.0	312.0	1968.0	809.0	61.0	5.0	68.0	2111.0	732.0	19.0	0.0	0.0	7.0	139.0	2.0	2365.0	0.0	22.0	13.0	758.0	57.0	188.0	198.0	4.0	69.0	0.0	0.0	0.0	272.0	4.0	6.0	296.0	74.0	184.0	48.0	6.0	4235.0	31.0	0.0	1190.0	0.0	0.0	2379.0	67.0	6.0	11.0	3590.0	22.0	23.0	0.0	21.0	6.0	17.0	0.0	156.0	5.0	2118.0	13.0	0.0	246.0	4030.0	1032.0	0.0	44.0	850.0	0.0	985.0	689.0	46.0	140.0	67.0	41.0	6.0	56.0	539.0
D_0__Bacteria;__;__;__;__	187.0	540.0	120.0	215.0	65.0	156.0	390.0	78.0	68.0	247.0	296.0	1101.0	142.0	119.0	918.0	231.0	163.0	420.0	285.0	121.0	399.0	277.0	636.0	165.0	26.0	45.0	36.0	461.0	99.0	777.0	172.0	254.0	294.0	484.0	492.0	288.0	130.0	540.0	278.0	373.0	153.0	532.0	132.0	245.0	117.0	65.0	243.0	137.0	239.0	329.0	136.0	248.0	324.0	411.0	271.0	173.0	161.0	120.0	35.0	239.0	264.0	207.0	174.0	174.0	66.0	268.0	115.0	110.0	165.0	246.0	121.0	272.0	177.0	114.0	132.0	472.0	964.0	129.0	334.0	124.0	442.0	135.0	683.0	523.0	1113.0	289.0	287.0	728.0	584.0	256.0	61.0	369.0	868.0	389.0	116.0	70.0	88.0	188.0	172.0	256.0	299.0	735.0	181.0
D_0__Eukaryota;D_1__Excavata;D_2__Discoba;D_3__Discicristata;D_6__Aphagea	0.0	0.0	0.0	0.0	0.0	0.0	0.0	0.0	0.0	0.0	0.0	0.0	0.0	0.0	0.0	8.0	0.0	0.0	0.0	0.0	0.0	0.0	0.0	7.0	0.0	0.0	0.0	0.0	0.0	0.0	0.0	0.0	0.0	0.0	0.0	0.0	0.0	9.0	0.0	0.0	0.0	0.0	0.0	0.0	0.0	0.0	6.0	0.0	0.0	7.0	0.0	0.0	0.0	0.0	0.0	0.0	0.0	0.0	0.0	0.0	0.0	0.0	0.0	0.0	0.0	0.0	0.0	0.0	0.0	0.0	0.0	0.0	7.0	0.0	0.0	0.0	0.0	0.0	0.0	0.0	0.0	0.0	0.0	3.0	0.0	10.0	4.0	6.0	0.0	0.0	0.0	0.0	0.0	0.0	0.0	0.0	0.0	0.0	0.0	0.0	0.0	0.0	0.0
Unassigned;__;__;__;__	0.0	0.0	0.0	0.0	0.0	0.0	0.0	0.0	0.0	0.0	0.0	0.0	0.0	0.0	0.0	0.0	0.0	0.0	0.0	0.0	0.0	0.0	0.0	0.0	0.0	0.0	0.0	0.0	0.0	0.0	0.0	0.0	0.0	0.0	0.0	0.0	0.0	0.0	0.0	0.0	0.0	0.0	0.0	0.0	0.0	0.0	0.0	0.0	0.0	0.0	0.0	0.0	0.0	0.0	0.0	0.0	0.0	0.0	0.0	0.0	0.0	0.0	0.0	0.0	0.0	0.0	0.0	0.0	0.0	0.0	0.0	0.0	0.0	0.0	0.0	0.0	0.0	0.0	0.0	0.0	0.0	0.0	0.0	0.0	0.0	0.0	0.0	3.0	0.0	0.0	0.0	0.0	0.0	0.0	0.0	0.0	0.0	0.0	0.0	0.0	0.0	0.0	0.0